/m/07yv9	1007002	vehicle
/m/0jjw	757499	art
/m/0c9ph5	723262	flower
/m/01g317	645689	person
/m/05s2s	574895	plant
/m/07j7r	571348	tree
/m/09g5pq	463801	people
/m/02wbm	456241	food
/m/0jbk	435075	animal
/m/06npx	432137	sea
/m/01g6gs	384532	black-and-white
/m/016nqd	384355	shape
/m/09t49	382878	leaf
/m/06ntj	375474	sports
/m/02cqfm	375032	close-up
/m/03d49p1	373568	monochrome photography
/m/01mwkf	370968	monochrome
/m/01v728	351268	land plant
/m/03bmqb	345984	flora
/m/036qh8	345694	produce
/m/03nfmq	341475	architecture
/m/01x314	340014	facade
/m/035qhg	338649	fauna
/m/0cgh4	336640	building
/m/04sjm	335740	flowering plant
/m/0k4j	330722	automobile
/m/083vt	329275	wood
/m/05h0n	322584	nature
/m/04k84	321028	light
/m/019sc6	319811	lighting
/m/01prls	314627	land vehicle
/m/01n32	313978	city
/m/02cwm	309873	design
/m/05wkw	309838	photography
/m/039jbq	308703	urban area
/m/01bwr	305162	botany
/m/0krfg	300079	meal
/m/01sdr	296520	color
/m/03rbf6	296426	macro photography
/m/09qqq	292098	wall
/m/02l215	291295	reflection
/m/07bsy	285700	transport
/m/06z0n	284058	sunlight
/m/01kyr8	283238	darkness
/m/038hg	281779	green
/m/01bqvp	281264	sky
/m/01lxd	279838	coast
/m/01l7t2	277826	downtown
/m/088fh	274593	yellow
/m/05_5t0l	274313	landmark
/m/019sc	274055	black
/m/09d_r	269325	mountain
/m/04mx32	268800	evening
/m/0djmp	265803	ancient history
/m/06gfj	264407	road
/m/02ht342	264039	automobile make
/m/02rfdq	263695	interior design
/m/01cd9	258883	brand
/m/01d74z	258112	night
/m/01c8br	256480	street
/m/02hnx9	255581	woody plant
/m/09686	254474	vertebrate
/m/01l0y0	253998	material
/m/0csby	252956	cloud
/m/0d1n2	251813	horizon
/m/02_ktj	251752	morning
/m/02nfxt	249830	residential area
/m/02csf	241292	drawing
/m/01g5v	240680	blue
/m/0fpdgl	240212	human settlement
/m/01ctry	240041	atmosphere of earth
/m/03gq5hm	238122	font
/m/025rw19	237166	iron
/m/0b5gs	231307	branch
/m/0dx1j	229237	town
/m/03jm5	226042	house
/m/0h8ls87	224551	automotive exterior
/m/068jd	223097	photograph
/m/083jv	222640	white
/m/09j2d	222553	clothing
/m/01280g	221988	wildlife
/m/034z7h	220343	cityscape
/m/0180xr	220086	neighbourhood
/m/08t9c_	218909	grass
/m/02q08p0	216197	dish
/m/01cbzq	215170	rock
/m/01kr8f	214892	illustration
/m/02fm9k	214135	shore
/m/01b3l7	213805	dusk
/m/038t8_	211655	estate
/m/025s3q0	210318	landscape
/m/01f4td	209192	rural area
/m/01l0mw	207897	home
/m/017kvv	207871	infrastructure
/m/04rky	207254	mammal
/m/03scnj	207254	line
/m/07s6nbt	207230	text
/m/07pw27b	206020	atmospheric phenomenon
/m/04_5hy	205507	stage
/m/06fvc	204707	red
/m/017m8l	198921	waterway
/m/06_dn	196958	snow
/m/0754v	194130	season
/m/0n68_	193938	structure
/m/0134l	193405	autumn
/m/03qtwd	191825	crowd
/m/011s0	191387	advertising
/m/01zbnw	191307	screenshot
/m/0bl0l	189289	garden
/m/0838f	189271	water
/m/07glzq	188740	sketch
/m/02py09	188654	natural environment
/m/05kq4	188381	ocean
/m/01gq53	188202	performance
/m/02mhj	186985	ecosystem
/m/043rvww	186818	geographical feature
/m/01ykh	185410	cuisine
/m/05fblh	183853	habitat
/m/09dv7	182187	soil
/m/03ktm1	181708	body of water
/m/0ytgt	181191	child
/m/06ht1	180649	room
/m/01n5jq	179542	poster
/m/04ggh49	179289	bay
/m/04_5sg	176401	hill
/m/086mh	176220	winter
/m/02zr8	175195	forest
/m/05wrt	175044	property
/m/0k65p	174881	hand
/m/06cnp	174791	river
/m/068hy	174475	pet
/m/09jwl	174219	musician
/m/0jg24	173784	image
/m/01fdzj	173492	tower
/m/083wq	172488	wheel
/m/0866r	171942	weather
/m/0d4v4	171217	window
/m/02jjt	168502	entertainment
/m/023bbt	168025	wilderness
/m/01dv4h	167492	portrait
/m/02nvjx	166174	place of worship
/m/04rlf	166091	music
/m/01l56l	164968	landform
/m/025tn5c	162590	terrain
/m/0b3yr	160647	beach
/m/05qjc	160099	performing arts
/m/015lz1	159883	singing
/m/06msq	159861	sculpture
/m/02ljgl	159649	monument
/m/08g_yr	159403	temple
/m/0hnc1	156848	woodland
/m/0hwky	156122	pattern
/m/01b2w5	154840	sunset
/m/01b3kg	154468	dawn
/m/0gqbt	153081	shrub
/m/0b_fd	152749	sense
/m/0bmgjqz	151265	sport venue
/g/11jxkqbpp	150353	mountainous landforms
/m/04hgtk	150205	head
/m/013y0j	149791	organ
/m/01jwgf	148562	product
/m/01txr2	148431	spring
/m/083s2	147429	wing
/m/0l7_8	146435	floor
/m/07bx10	143728	academic conference
/m/016q19	143396	petal
/m/036hv	143131	geology
/m/02jwqh	143056	vacation
/m/04wxr	143035	mountain range
/m/05zdp	142828	public transport
/m/0138tl	141232	toy
/m/04h4w	140675	lake
/m/04yx4	140163	man
/m/019cfy	140142	stadium
/m/02mwzg	140047	plateau
/m/025st_8	138771	meadow
/m/015p6	138718	bird
/m/0hr5k	137922	festival
/m/01c34b	136926	flooring
/m/0ds4x	135935	hairstyle
/m/01qls	134736	community
/m/01fklc	134697	pink
/m/02p0sll	133971	wave
/m/079cl	133918	skyscraper
/m/01lcwm	132037	luxury vehicle
/m/01350r	130831	performance art
/m/01jddz	130262	concert
/m/0bkqqh	129436	signage
/m/0557q	127199	musical theatre
/m/02y3rj	126900	presentation
/m/03q69	126779	hair
/m/01v327	126273	lawn
/m/013_1c	125900	statue
/m/07bxq	125419	tourism
/m/014sv8	125418	eye
/m/033lpr	124704	audience
/m/032tl	124440	fashion
/m/0c_jw	124438	furniture
/m/099fz	122678	sand
/m/02qbl1m	121422	photo shoot
/m/0dzct	120502	face
/m/05qdh	120036	painting
/m/01b2q6	119548	sunrise
/m/0204fg	119524	skyline
/m/0355cw	118556	ridge
/m/081pkj	117734	event
/m/03f35r	117733	wildflower
/m/033j3c	116697	lane
/m/01vkl	116314	circle
/m/019jd	115226	boat
/m/01f43	115045	beauty
/m/0h8lhsd	113895	outdoor structure
/m/0k0pj	113334	nose
/m/03xxp	113074	invertebrate
/m/07sn5gn	111811	geological phenomenon
/m/01m0lg	111481	human positions
/m/01ctsf	111346	atmosphere
/m/012mq4	110110	sports car
/m/0brn2d	109346	field
/m/0jwzhtg	108991	carving
/m/06l8d	108861	restaurant
/m/06zsq	108604	sign
/m/01y3fy	107784	jungle
/m/07yxk	107226	valley
/m/02p0tk3	106565	human body
/m/068mqj	106461	automotive design
/m/0270h	106083	dessert
/m/09cynt	105318	convention
/m/0d1pc	104253	model
/m/0215n	103978	cartoon
/m/0jyfg	103720	glasses
/m/039jq	103690	glass
/m/0vlys	101435	tower block
/m/05fwb	101310	number
/m/017r8p	101094	pedestrian
/m/06bm2	101049	recreation
/m/06wtgq	100575	play
/m/01klb9	100518	plaza
/m/018vpr	100235	cliff
/m/021mp2	99986	sedan
/m/03nxtz	99954	cottage
/m/0dnr7	99903	textile
/m/07p82rh	98838	human action
/m/0250x	98292	costume
/m/021dfr	97369	youth
/m/05zppz	97348	male
/m/015r61	97110	modern art
/m/0j7ty	96568	blossom
/m/05b0n7k	96538	outdoor recreation
/m/0hm03	96410	trail
/m/093shy	96400	reservoir
/m/0h_m	96324	adventure
/m/02mnkq	96324	bumper
/m/07c1v	95471	technology
/m/0hz4q	95335	breakfast
/m/03vt0	95321	insect
/m/03c0bxg	94921	limb
/m/01ckgp	94615	interaction
/m/0bt9lr	93405	dog
/m/0271t	92969	drink
/m/015bv3	92318	document
/m/0166ls	91699	park
/m/0hkvx	91383	prairie
/m/0j_s4	91183	metropolitan area
/m/0fkrk	90791	grass family
/m/0pgl9	90252	tourist attraction
/m/039v1	89979	guitarist
/m/01ttd6	89145	plant stem
/m/09ggk	88728	purple
/m/0dpvm	88252	arch
/m/0hkf	87738	agriculture
/m/01b4q9	87040	social group
/m/05sm1	86674	plain
/m/04p25	86347	loch
/m/056mk	86180	metropolis
/m/06z04	85311	skin
/m/01rzcn	85147	watercraft
/m/01wb7	84705	church
/m/063km	84695	profession
/m/01w5c_	84394	aerial photography
/m/011l78	84338	team
/m/035r7c	82827	leg
/m/0f28m	82703	symmetry
/m/0750y	81551	suburb
/m/081rb	80807	writing
/m/0bpxlzj	80730	endurance sports
/m/0pvlz	80448	wetland
/m/0chml9	80194	portrait photography
/m/0ldpy	79917	adolescence
/m/01d40f	79648	dress
/m/03m9d0z	79302	wind
/m/049_3v	78475	yard
/m/03g3w	78251	history
/m/01z5f	78080	dog-like mammal
/m/0fzyg	78015	aviation
/m/0hr8	78015	asphalt
/m/0ds5b	77720	facial hair
/m/031bff	77488	window covering
/m/0hrcj2p	77296	backyard
/m/0k5j	77008	aircraft
/m/01k74n	76766	facial expression
/m/016c4t	76164	ceremony
/m/0ch75fj	75691	man made object
/m/016c68	75542	adult
/m/03d1rd	75459	ruins
/m/02q3d5	75285	memorial
/m/05r655	74916	girl
/m/019nj4	74880	smile
/m/01c7cq	74820	grassland
/m/0jfd5	74769	lunch
/m/01jm2n	74295	walkway
/m/0f4s2w	73706	vegetable
/m/06d4_	73626	race
/m/03bt1vf	73137	woman
/m/025qfg	72928	antique car
/m/01bgsw	72819	toddler
/m/0199g	72507	bicycle
/m/02zsn	72485	female
/m/01wkk9	71857	town square
/m/080byt0	71355	cape
/m/09x0r	71315	speech
/m/02pkb8	71302	lady
/m/02jfc	71049	education
/m/0f0q9	71003	village
/m/02tjx	70381	emotion
/m/083mg	70354	walking
/m/015kr	69465	bridge
/m/05zp8	69274	palace
/m/0173tc	68999	chapel
/m/01c4rd	68320	beak
/m/01bl7v	67890	boy
/m/03m4wn	67780	boating
/m/034srq	67762	wind wave
/m/01445t	67735	athlete
/m/02swz_	67399	compact car
/m/029zz6	65806	display device
/m/01540	65552	biology
/m/0184rb	65135	pond
/m/01h6rj	64261	military
/m/05y5lj	63952	sports equipment
/m/09q2t	63565	brown
/m/0cfs8	63325	cathedral
/m/06hyd	63317	roof
/m/01515d	63055	flight
/m/02xwb	62708	fruit
/m/0463sg	62469	fashion accessory
/m/0cmf2	62411	airplane
/m/0cfkj	62159	monastery
/m/06m_p	61809	sun
/m/0294jb	61774	blond
/m/090j23	61610	water feature
/m/02mf1n	61501	gadget
/m/04scj	61448	meat
/m/03gfsp	61421	ceiling
/m/0d8cn	61290	rainforest
/m/02pyg	61181	extreme sport
/m/04rd7	60995	mural
/m/09j5n	60794	footwear
/m/015c4z	60785	sitting
/m/09dhj	60767	family
/m/0dkw5	60298	machine
/m/0j6m2	59953	stream
/m/020m7t	59641	ball game
/m/01vk9q	59596	track
/m/012mj	59479	alcoholic beverage
/m/02vzx9	59167	player
/m/0g8p9	59135	farm
/m/014f__	58478	supercar
/m/016z4k	58220	singer-songwriter
/m/03x045	58202	team sport
/m/0521dbh	57147	texture
/m/03psdn	56948	mast
/m/09cx8	56390	finger
/m/0dzf4	56204	arm
/m/01xq49	56159	vintage car
/m/023907r	55759	real estate
/m/03k5cs	55605	formation
/m/01qkbx	55541	professional
/m/01k0mv	55204	road surface
/m/01gd91	54677	pasture
/m/01yrx	54640	cat
/m/06z37_	54031	picture frame
/m/0gbbt	53569	bassist
/m/013vs	53371	afterglow
/g/11k2xz7mr	52984	meteorological phenomenon
/m/0342h	52957	guitar
/m/0dfbw	52813	racing
/m/06mg_j	52585	rock concert
/m/01r1z5	52391	asian food
/m/012f08	52223	motor vehicle
/m/026yq0z	51805	demonstration
/m/01lqfm	51522	public space
/m/01c791	51520	freezing
/m/01h6cb	51466	meeting
/m/0pd7	51388	army
/m/020ys5	51373	condominium
/m/02v0m2	50952	diagram
/m/0jnvp	50783	infant
/m/0cz_0	50696	highway
/m/03vtj	50596	ice
/m/04stdlw	50344	competition event
/m/018lrm	50143	arena
/m/099md	50090	soldier
/m/067408	49906	album cover
/m/013m1	49855	air force
/m/0283dt1	49820	mouth
/m/012sbd	49618	tournament
/m/07jdr	49504	train
/m/01h8n0	49498	conversation
/m/02bbq	49435	day
/m/0307l	48867	cat-like mammal
/m/06q74	48576	ship
/m/0cjvf	47885	perching bird
/m/025s53m	47853	rolling stock
/m/0280nh	47798	fell
/m/01r_pn	47619	race track
/m/01sg9l	47404	nightclub
/m/02vx4	47291	football
/m/03xwlw	47179	endurance
/m/03bt1gh	46975	games
/m/0dv34	46932	baking
/m/01sgl	46275	cycling
/m/0jqb	46054	annual plant
/m/02309j	45712	wadi
/m/026bk	45385	dance
/m/07k6w8	45385	small to medium-sized cats
/m/04_fs	45245	muscle
/m/0lcd	45131	alps
/m/03gq1	44838	herb
/m/01l7qd	44735	whiskers
/m/020wcz	44712	mountain pass
/m/031hrg	44588	lecture
/m/01bq8v	44582	troop
/m/03233l	44567	seminar
/m/01jnvt	44534	badlands
/m/0c_6z	44240	synagogue
/m/02xh1	44065	film noir
/m/03218s	43789	dock
/m/0388sn	43749	summit
/m/014dsx	42992	travel
/m/02hcw1	42918	floristry
/m/0541p	42896	multimedia
/m/0191f8	42867	learning
/m/0lhr	42047	arecales
/m/06j11d	42000	performance car
/m/0zkm	41963	arthropod
/m/0cx45	41942	temple
/m/0f1tz	41841	calligraphy
/m/09y4pm	41537	market
/m/0m9cj	41428	banner
/m/0ncqpsr	41416	race car
/m/02w08	41263	flavor
/m/050vn	41165	marine biology
/m/0_mjp	40831	mountain bike
/m/05c0n6k	40446	label
/m/034wh	40310	graffiti
/m/0bs7_0t	40284	electronic device
/m/033rq4	39872	street light
/m/06d_3	39708	rail transport
/m/0crtnw	39705	executive car
/m/052lwg6	39672	baked goods
/m/03w43x	39599	computer wallpaper
/m/0kw6d	39409	driving
/m/01g0g	39357	brick
/m/03f6tq	39171	living room
/m/0ds99lh	39080	fun
/m/04bcr3	38831	table
/m/0grl_	38599	chã¢teau
/m/04szw	38453	musical instrument
/m/02pvbb	38071	mansion
/m/01_m7	37968	column
/m/08jpwt	37861	light fixture
/m/088l6h	37600	family car
/m/05fc9mj	37475	christmas decoration
/m/01vq3	37442	christmas
/m/07s3m	37076	tours
/m/03htg	37042	harbor
/m/012qdp	36987	military officer
/m/0df8xq	36978	nonbuilding structure
/m/02ksmb	36828	brown hair
/m/02cwf_	36597	shrine
/m/02dkrm	36566	resort
/m/033kf	36454	frost
/m/01fnns	36289	vegetation
/m/0h8jxfl	36192	vision care
/m/019w6h	36153	physical exercise
/m/02jf28	36121	fair
/m/0gkxy13	36066	handwriting
/m/012h24	35990	comics
/m/02tcwp	35986	trunk
/m/01pvk	35932	canal
/m/019qw9	35873	convertible
/m/089v3	35735	zoo
/m/07yr8h	35721	historic site
/m/09l9f	35578	carnival
/m/02mm_	35527	energy
/m/01nz0z	35495	bar
/m/01nblt	35232	apartment
/m/014yck	35139	aircraft engine
/m/01lwf0	35098	alley
/m/0hlzt	34928	deciduous
/m/010jjr	34848	amusement park
/m/01nd_n	34789	protest
/m/04n7gmg	34774	senior citizen
/m/01jb4	34705	biome
/m/02pd__z	34602	long hair
/m/01d9ll	34318	astronomical object
/m/0l5r	34144	daisy family
/m/01bqwh	34136	mist
/m/011_f4	34111	string instrument
/m/05229	34065	musical ensemble
/m/0gl2ny2	34057	football player
/m/02wtjj	33610	stone carving
/m/081hv	33582	wedding
/m/02mrp	33520	electronics
/m/0191_7	33491	retail-store
/m/0c02pp7	33217	athletics
/m/0gg8brk	33161	water bird
/m/09lbv	32980	drummer
/m/02hnl	32972	drums
/m/02dgv	32781	door
/m/04shl0	32405	distilled beverage
/m/03y_qy	32329	auto show
/m/0ltfs	32138	bride
/m/0263lr1	32094	crop
/m/05_4_	32086	party
/m/03hs7k	32068	cycle sport
/m/0ch_cf	31950	fish
/m/04h5c	31923	locomotive
/m/04jph85	31526	street sign
/m/01sfb5	31499	underwater
/m/0k2n5	31177	daylighting
/m/0vg8	30858	airline
/m/01p468	30767	cove
/m/0f85g	30762	basilica
/m/027x7n	30674	physical fitness
/m/01jfm_	30560	vehicle registration plate
/m/0kpmf	30516	dog breed
/m/08y7p8	30448	abdomen
/m/06h7j	30424	running
/m/04_sv	30270	motorcycle
/m/02l5zk	29888	duathlon
/m/01ww8y	29757	snack food
/m/03cjrt	29753	highland
/m/01vw0_	29550	grave
/m/03h5wy	29544	channel
/m/0jffp	29472	dinner
/m/07pbfj	29456	fish
/m/0d_2m	29252	moths and butterflies
/m/02nnps	29115	relief
/m/01bjv	29076	bus
/m/047vmg8	29071	rim
/m/0fx80y	29005	plucked string instruments
/m/02qm2x	29003	icing
/m/015h_t	28933	beard
/m/0369ss	28926	city car
/m/0404d	28893	jewellery
/m/07r04	28818	truck
/m/08t0vy	28686	individual sports
/m/01czv3	28557	fortification
/m/016nsr	28305	marsh
/m/04qgp	28277	liqueur
/m/0jc_p	27804	orange
/m/01h_1n	27664	playground
/m/02lts	27637	electricity
/m/0f45l	27444	steppe
/m/0ctrp	27412	sport utility vehicle
/m/0d7s3w	27363	puppy
/m/0fq22vb	27297	exhibition
/m/01cs_p	27120	marina
/m/020g49	27097	hardwood
/m/035y33	26970	official
/m/01c6yl	26802	spire
/m/01g50p	26683	railroad car
/m/02s3y	26510	horse-like mammal
/m/0d8lm	26417	string instrument
/m/0j24d_1	26401	personal computer hardware
/m/012ww9	26248	archaeological site
/m/0ltv	26221	auto racing
/m/01xsb3	26118	classic car
/m/09rgp	25832	road bicycle
/m/07djv	25621	tradition
/m/04g3r	25585	leisure
/m/01s8fx	25485	news conference
/m/03qsdpk	25428	theatre
/m/03v7tf	25326	baseball field
/m/015y8h	25318	jet aircraft
/m/06pg22	25193	snapshot
/m/037rzs	25174	headquarters
/m/01c7d3	25099	savanna
/m/016g8_	24945	tarmac
/m/0d5gx	24703	castle
/m/011yvr	24476	plantation
/m/0lf0n	24427	courtyard
/m/06bt6	24396	reptile
/m/09l65	24327	singer
/m/01pbjy	24215	military police
/m/016nqt	24186	twig
/m/04dr76w	24185	bottle
/m/017rtb	24115	panorama
/m/01ft8k	24086	shadow
/m/08863x	24061	bird's-eye view
/m/07vwy6	24060	street art
/m/06pj2k	23943	lip
/m/079bkr	23940	mode of transport
/m/0hjzp	23821	kitten
/m/039l3v	23735	auditorium
/m/06gl1	23513	rapid
/m/0by0z	23494	fjord
/m/047vlmn	23434	outerwear
/m/01599	23361	beer
/m/02h66g5	23315	military person
/m/01y8xw	23222	villa
/m/04hyxm	23057	classroom
/m/0bpm4bq	23006	bicycle racing
/m/0p1c1	22999	port
/m/03ctrlg	22943	vendor
/m/039xj_	22917	ear
/m/026t6	22885	drum
/m/0j2kx	22847	waterfall
/m/0h9mv	22841	tire
/m/0410tth	22759	motorsport
/m/0dhz0	22739	airliner
/m/012v4j	22621	hiking
/m/04rjz	22564	middle ages
/m/07_lq	22399	vegetarian food
/m/05wgwh	22350	sweetness
/m/02w3hl	22237	award
/m/02fhdf	22158	water sport
/m/0b_rs	22113	swimming pool
/m/04ffcj	22104	lilac
/m/02wg8	22027	tackle
/m/07b9p1	22026	commemorative plaque
/m/0fszt	22002	cake
/m/016br2	21886	dome
/m/0f5lx	21835	military aircraft
/m/03vnt4	21794	mid-size car
/m/05pd6	21697	orchestra
/m/04zhd	21574	mythology
/m/0py27	21554	train station
/m/0g2z8	21553	fog
/m/0btp2	21546	traffic
/m/01g81	21546	blizzard
/m/01cv4r	21485	temperate coniferous forest
/m/0cb0xm	21413	passenger
/m/01lrl	21411	carnivoran
/m/03hrb5	21352	racing bicycle
/m/0jxy	21299	anime
/m/03hr1p	21145	road cycling
/m/0ql23	21092	pollinator
/m/0b4zhm	21064	nectar
/m/09qf5	20977	winter sport
/m/01f5gx	20926	eating
/m/01d1dj	20882	coupã©
/m/03vntj	20764	full-size car
/m/09ddx	20555	duck
/m/0cyf8	20491	butterfly
/m/03thgk	20464	silhouette
/m/03y3sg	20217	boardwalk
/m/03xxq7	20185	haze
/m/040n1z	20169	off-roading
/m/03k3r	20102	horse
/m/042g2h	20094	old-growth forest
/m/02p1xh	20054	marching
/m/056ks2	20052	watercraft rowing
/m/0bby24z	20047	moustache
/m/051rmm	20026	steeple
/m/0ds4250	20010	groom
/m/0cnfpz	19923	road trip
/m/0hlzc	19879	evergreen
/m/0fc1fy	19765	black hair
/m/0ddnl	19754	ferry
/m/06rrc	19738	shoe
/m/083kb	19673	weapon
/m/02xl47d	19643	dog breed group
/m/026z9	19584	disco
/m/0lyw6	19485	model car
/m/04ztj	19443	marriage
/m/0m931	19339	long-distance running
/m/0kh8w	19297	canyon
/m/06nwz	19270	seafood
/m/0dwx7	19250	logo
/m/037cyw	19185	siding
/m/01n6fd	19146	shed
/m/020dwk	19141	passenger ship
/m/01mqdt	19114	traffic sign
/m/01cv98	18956	temperate broadleaf and mixed forest
/m/0wfrc8w	18948	animal sports
/m/0490jd	18907	art exhibition
/m/0bp_2p	18813	gown
/m/080dk2h	18742	red sky at morning
/m/02mk9	18660	engine
/m/0d2ww	18649	supermodel
/m/01kt56	18612	picnic
/m/016x44	18578	spruce
/m/0hsrw	18578	sailboat
/m/025s8bs	18531	shopping mall
/m/01j04m	18500	thigh
/m/01c_0l	18374	ducks, geese and swans
/m/04t7l	18276	metal
/m/01xw9	18222	chinese food
/m/0404y4	18216	soccer-specific stadium
/m/0jp31	18145	sail
/m/0jzz1	18140	cattle-like mammal
/m/0ggjrhd	18070	flower arranging
/m/018kg	17924	baseball positions
/m/06gjp9	17889	floral design
/m/0dnhy	17868	sidewalk
/m/02p4bv	17855	mudflat
/m/025sn53	17828	motorcycling
/m/01jypq	17773	reef
/m/0335j	17731	controlled-access highway
/m/0blz9	17658	fence
/m/027zgtw	17464	bat-and-ball games
/m/0bq66hh	17459	surfing--equipment and supplies
/m/037n8x	17440	touring car
/m/02p0_xl	17439	waterfowl
/m/09qd1	17370	wedding reception
/m/02vk6x	17332	headstone
/m/01xgsv	17327	dude
/m/018xm	17288	ball
/m/0j272k5	17143	eyewear
/m/03hh2k	17115	grazing
/m/04lbp	17042	leather
/m/07k3c	17025	tundra
/m/02yjc	16983	fighter aircraft
/m/01phq4	16974	pier
/m/012c9l	16896	domestic short-haired cat
/m/0284w	16889	desert
/m/018jz	16879	baseball
/m/06dmh	16875	rose family
/m/01kgp6	16872	winter storm
/m/03kj4q	16841	watercourse
/m/0dw_m	16737	brunch
/m/03wvy	16728	infantry
/m/06z4ng	16719	piste
/m/019p5q	16709	gentleman
/m/03hrn8	16686	cyclo-cross
/m/011lx	16638	acrylic paint
/m/0csh5	16602	cumulus
/m/0sgh53y	16541	selfie
/m/03txxp	16508	subcompact car
/m/09738	16358	arctic
/m/017ftj	16345	sunglasses
/m/0gjbg72	16323	shelf
/m/05y1k_	16219	shack
/m/018vs	16144	bass guitar
/m/03rnh	16135	industry
/m/03mp1	16056	membrane-winged insect
/m/06wrt	16026	sailing
/m/03hfn0	15955	backpacking
/m/02k_k3t	15937	ford
/m/0j2hg	15886	botanical garden
/m/0hhdb	15869	shopping
/m/03931h	15842	stele
/m/014y4n	15840	paddle
/m/02d46y	15838	cap
/m/04sk75	15809	figure drawing
/m/03hs6w	15788	cyclo-cross bicycle
/m/0bt_c3	15748	book
/m/01h80k	15741	muscle car
/m/01__sk	15737	brickwork
/m/01kv7h	15701	midnight
/m/0hlhl	15696	moth
/m/0641k	15642	paper
/m/050h26	15522	drinkware
/m/0h36z	15494	cemetery
/m/03b6_4	15336	steering wheel
/m/055sg	15298	militia
/m/037p5b	15277	cheek
/m/050k8	15264	mobile phone
/m/0h8pb3l	15238	automotive tire
/m/05npqn	15187	theatre
/m/017h86	15152	action figure
/m/053f5	15130	mountaineering
/m/01pxgq	15115	romance
/m/01xmqj	15103	figurine
/m/0464z4	15070	pack animal
/m/080sjd	14980	farmhouse
/m/06y_bg	14931	hindu temple
/m/0199b0	14893	safari
/m/02_41	14886	fire
/m/09gg3	14830	violet
/m/0d4vn	14815	hall
/m/013s93	14785	t-shirt
/m/01vnb	14707	comic book
/m/01lynh	14591	stairs
/m/06n0gv	14572	art model
/m/021w6f	14553	tile
/m/017rnr	14523	amusement ride
/m/02prwx	14474	bazaar
/m/0hsrd	14429	sailing ship
/m/01_bhs	14383	fast food
/m/01rh7y	14379	scale model
/m/03qwvw	14359	moonlight
/m/0g6b5	14291	fireworks
/m/0dvg9	14275	ancient roman architecture
/m/01jnzj	14241	construction
/m/04gvhhy	14239	aeolian landform
/m/0539n0	14237	compact sport utility vehicle
/m/081qc	14223	wine
/m/03cg49	14206	christmas lights
/m/02gx17	14143	construction equipment
/m/0d38m	14079	marathon
/m/0hl08	14034	tropics
/m/012shk	13998	seabird
/m/0711_5	13870	stall
/m/04wv_	13849	moon
/m/05tfch	13833	road bicycle racing
/m/070qm	13787	freight transport
/m/01x5q	13749	ceramic
/m/0cdl1	13741	palm family
/m/0dzdr	13724	chest
/m/06m11	13710	rose
/m/04xc_d	13709	college baseball
/m/02w3_2	13674	formal wear
/m/02wc6z	13654	bell tower
/m/0fkwjg	13605	commercial vehicle
/m/063r3	13568	parade
/m/027xhm0	13567	wood flooring
/m/0h6dlrc	13550	bmw
/m/03f5jh	13534	dog crossbreeds
/m/0hyyb	13522	supper
/m/090f96	13486	kick
/g/12233hjw	13417	classic
/m/086nh	13361	web page
/m/027n3_	13321	eyebrow
/m/0ctsx	13296	coral
/m/04ndr	13294	lego
/m/03gkl	13270	holiday
/m/0h8jmzl	13268	outdoor play equipment
/m/01bqgn	13253	bicycle frame
/m/0f447	13232	gothic architecture
/m/08yp1s	13231	hut
/m/04_tb	13221	map
/m/0bynt	13188	track and field athletics
/m/0hyb2	13172	altar
/m/0168g6	13160	factory
/m/01jp76	13152	parking
/m/0c2lp	13140	club
/m/062zrt	13108	freeride
/m/0l_br	13105	coral reef
/m/0dpm1v	13072	ball
/m/0by3w	13052	jumping
/m/09ddf	13049	symbol
/m/0bp3f6m	13042	fried food
/m/02q13x7	13030	fishing vessel
/m/0lvlk	12998	swamp
/m/027dwg0	12945	lobby
/m/02p6k8p	12935	flower bouquet
/m/01w_gm	12884	plaster
/m/0b6w2z	12717	buttercream
/m/0nsv	12669	abbey
/m/06wqb	12667	space
/m/01mtb	12662	cooking
/m/034qg	12662	firearm
/m/025s35_	12643	ravine
/m/0c0ygc	12629	stallion
/m/0467y7	12620	passenger car
/m/0336h	12581	finch
/m/05gz5	12580	national park
/m/0643t	12535	personal computer
/m/01gxtf	12518	old world flycatcher
/m/06c4_m	12510	baseball park
/m/01wh_8	12417	cherry blossom
/m/0fpjlj9	12364	garden roses
/m/01r8w	12347	cave
/m/02kdmz	12311	pitch
/m/0gs32y	12261	land lot
/m/09hkc	12228	bicycle motocross
/m/0dgsmq8	12154	artwork
/m/01xq0k1	12154	cattle
/m/015z_b	12130	takeoff
/m/02500f	12115	overpass
/m/0c23pz	12078	mare
/m/0220r2	12073	fountain
/m/0dc_v	12018	astronomy
/m/0vllx	11991	barn
/m/01mzpv	11978	chair
/m/0l14_3	11965	bowed string instrument
/m/01833w	11895	outer space
/m/019tzd	11828	mountain biking
/m/02jxn5	11809	car park
/m/0h2r6	11778	van
/m/02wszf	11761	infielder
/m/0cl9t3p	11754	ski equipment
/m/01s4b5	11744	neon sign
/m/070m9	11706	stock car racing
/m/04c41_	11701	european shorthair
/m/0hhbr	11690	art gallery
/m/0195fx	11672	rapid transit
/m/025nd	11659	christmas tree
/m/025t3bg	11658	air travel
/m/0b42l9	11653	indoor games and sports
/m/04h8h	11634	library
/m/03ssj5	11611	bed
/m/021mh_	11604	stuffed toy
/m/0lym8	11595	tapestry
/m/0b4_rz	11566	championship
/m/028c4_	11528	hot rod
/m/0m91c	11509	sprint
/m/02xlf	11496	fiction
/m/0dzd8	11482	neck
/m/062581	11481	sleeve
/m/09cmq	11465	museum
/m/041q5g	11387	windsports
/m/07p_zw	11377	handrail
/m/0cc6_9k	11364	sailing
/m/0djtd	11363	coconut
/m/03vd46	11346	herd
/m/03c866	11323	grandparent
/m/0dp7vs	11319	narrow-body aircraft
/m/08854	11312	yacht
/m/075_ys	11285	class
/m/06bvp	11205	religion
/m/0cnq0	11161	pollen
/m/01jpn4	11087	grocery store
/m/0ghpy	11071	boulder
/m/0117z	11063	air show
/m/071p9	11032	ski
/m/0f6x8	11027	bird of prey
/m/01f415	11007	flame
/m/01h3n	11001	bee
/m/05nnm	10988	organism
/m/0dnkv	10976	supermarket
/m/01jyr1	10945	islet
/m/05ws7	10929	police
/m/0sy84	10899	stately home
/m/04_x4	10896	money
/m/018rqw	10852	wide-body aircraft
/m/03s0c	10787	island
/m/06nb_j	10781	basketball moves
/m/020vl	10778	chocolate
/m/055s40	10714	glacial landform
/m/014ht3	10677	cosplay
/m/03xr7y	10672	lavender
/m/019w40	10645	surfboard
/m/017y8_	10635	terrier
/m/0919rx	10620	line art
/m/02079p	10613	speaker
/m/045jsc	10597	minibus
/m/0cvq3	10591	pickup truck
/m/0cnmr	10555	fur
/m/03jn2m	10534	azure
/m/01pvc5	10494	jockey
/m/02zkn_	10484	log cabin
/m/01mfj	10457	computer hardware
/m/0bysjw	10455	stone wall
/m/03ljvf	10455	grove
/m/0hr1s_w	10427	curry
/m/01g8j	10419	bikini
/m/02pkr5	10313	plumbing fixture
/m/02qdwbp	10304	net
/m/02dl1y	10278	hat
/m/011_dp	10272	skin-head percussion instrument
/m/07ptj3n	10263	cup
/m/07s053t	10211	equestrian sport
/m/05xjb	10183	priest
/m/01sqnx	10155	byzantine architecture
/m/014xcs	10153	pedestrian crossing
/m/0gd2v	10148	marine mammal
/m/035f_j	10140	off-road vehicle
/m/0bp37nz	10114	propeller driven aircraft
/m/0h55b	10110	junk food
/m/04lmyz	10105	horn
/m/0121tl	10088	electronic instrument
/m/01dqkc	10075	pest
/m/071k0	10026	skiing
/m/01qwsw	10013	flat panel display
/m/0jm_	10009	american football
/m/02phwj2	10000	display window
/m/05qb9l1	9989	fish pond
/m/02h664g	9980	baseball player
/m/0hjf	9965	amphibian
/m/01spzs	9965	still life
/m/0grw1	9946	salad
/m/01z9v6	9911	pitcher
/m/01bsxb	9883	collage
/m/062zr	9872	public relations
/m/01s105	9839	cabinetry
/m/09qkx	9777	boardsport
/m/03ft6m	9775	banquet
/m/08w8zl	9765	ranch
/m/0l14md	9755	percussion
/m/02jp1h	9679	marketplace
/m/0b_hy9	9655	subway
/m/02h7lkt	9647	fictional character
/m/05dlb	9633	navy
/m/01gs6f	9632	city council
/m/018w8	9620	basketball
/m/09ct_	9611	helicopter
/m/01v4jb	9562	monolith
/m/01shdw	9545	scaled reptile
/m/0w7s	9543	aerospace engineering
/m/018ktp	9537	watercolor paint
/m/02ntc1	9522	gridiron football
/m/01443y	9519	headgear
/m/08dz3q	9509	auto part
/m/020fsy	9506	portable communications device
/m/01q7l	9490	currency
/m/04zm7_	9441	staff
/m/02w11w8	9441	tour bus service
/m/06w7n5d	9414	bmx bike
/m/0ggjh_8	9391	cameras & optics
/m/04m6gz	9390	porch
/m/01p3xl	9373	metro station
/m/0fz0z	9367	honey bee
/m/0dxb5	9366	berry
/m/02yj3w	9365	beam
/m/02l341	9338	ancient rome
/m/06hps	9335	rodent
/m/03120	9323	flag
/m/011y23	9296	stained glass
/m/01syxg	9262	jogging
/m/0158vt	9245	tunnel
/m/07b2m8	9244	music venue
/m/0178g	9234	boeing
/m/04xvs0	9222	laminate flooring
/m/042fmw	9188	shinto shrine
/m/0169zh	9167	smartphone
/m/03c5wm	9164	cargo ship
/m/0j85	9134	arctic ocean
/m/07kfm	9126	tram
/m/01z1m1x	9125	soup
/m/0ckc5	9095	magenta
/m/03zrlf	9095	breakwater
/m/03d2wd	9092	dining room
/m/03zsp5	9088	half marathon
/m/05hg54	9048	commercial building
/m/012rvq	9039	reconnaissance
/m/0fd6q	8991	cash
/m/05sxvp	8987	sports sedan
/m/0230w	8961	crochet
/m/0db79	8951	clergy
/m/0403mwp	8936	thorns, spines, and prickles
/m/02q60ls	8926	conference hall
/m/0hpjt	8920	orator
/m/02_fkk	8910	mustang horse
/m/0glmwd6	8909	communication device
/m/08svdv	8880	function hall
/m/017knx	8859	nordic skiing
/m/058dw	8844	modern dance
/m/025s4r0	8831	neon
/m/0dv5r	8797	camera
/m/01j3sz	8753	laughter
/m/0wgys6n	8714	stick and ball games
/m/0284d	8712	dairy product
/m/016x4z	8703	fir
/m/0167gd	8689	doll
/m/0lqk	8639	alcohol
/m/0hgrj75	8624	outdoor shoe
/m/0cnxs6x	8529	tooth
/m/07bjf	8521	single lens reflex camera
/m/0fy9p2	8517	mane
/m/05zmzn1	8494	street dog
/m/01rlnn	8490	hacienda
/m/03lcss	8484	lycaenid
/m/0149r	8477	aquarium
/m/09y2k2	8473	italian food
/m/0jxw5	8456	equestrianism
/m/08dmm7	8401	marines
/m/026vz7	8383	ski mountaineering
/m/04ttsh	8367	dirt track racing
/m/0196s4	8340	landscape architect
/m/01fpmd	8296	tugboat
/m/0by2r	8287	bud
/m/02n7rn	8281	paddy field
/m/02czv8	8258	birthday cake
/m/0522cz4	8235	electronic signage
/m/01d0z1	8234	shorebird
/m/02ngb1	8224	ultramarathon
/m/0h8lsgn	8200	automotive engine part
/m/039_j3	8196	manor house
/m/02qqd4n	8195	fashion design
/m/03qnfyd	8193	animal source foods
/m/01qr50	8151	mud
/m/026pc7x	8151	torte
/m/08fgwk	8135	contact sport
/m/03vcgb	8115	ski touring
/m/01knjb	8104	billboard
/m/02r_57s	8086	cake decorating
/m/0h23m	8069	sparrow
/m/03154	8040	fungus
/m/0m8_b	8023	boeing 777
/m/09kxp	8020	wool
/m/09cjl	8014	airport
/m/0ph39	8001	canoe
/m/04w7nv	7993	overhead power line
/m/025sv9y	7988	landscaping
/m/0dw7n	7981	digital camera
/m/05v_4b	7970	college softball
/m/05qsj	7939	primate
/m/012v8q	7936	bog
/m/02y2l_	7929	sparkler
/m/0c28q	7924	moraine
/m/01j61q	7921	tent
/m/0l154	7913	lagoon
/m/06ngk	7908	star
/m/02jd5z	7908	wat
/m/01rwk	7895	climbing
/m/0f9swq	7875	chin
/m/0jh8w	7849	plywood
/m/01t2ln	7806	police officer
/m/0c7g7	7780	unesco world heritage site
/m/031vtq	7774	trunk
/m/07hxn	7768	thai food
/m/021sj1	7761	office
/m/01_x9	7741	campus
/m/05t06b	7725	wood stain
/m/018jrr	7717	plan
/m/0n42jw2	7708	window treatment
/m/01cmcs	7706	hatchback
/m/023j4r	7683	nail
/m/027_ny3	7681	still life photography
/m/09kx5	7673	deer
/m/0h2mp	7669	fly
/m/052sf	7667	mushroom
/m/02pdvpt	7654	fashion show
/m/05jnl	7650	newspaper
/m/07txbq	7636	light aircraft
/m/03p2h9	7636	hybrid bicycle
/m/0cxn2	7593	ice cream
/m/01jf71	7569	arcade
/m/0cffdh	7523	maple tree
/m/025sf8x	7518	silver
/m/02_5_z	7514	marksman
/m/03wb2z	7510	suite
/m/08h71_	7508	baluster
/m/0g61v	7484	spanish missions in california
/m/0261m	7475	caribbean
/m/0g4cd0	7459	tabby cat
/m/02p5f1q	7440	coffee cup
/m/01lrnl	7428	windshield
/m/076t48l	7419	coral reef fish
/m/018rn4	7418	choreography
/m/026y56	7417	brutalist architecture
/m/071j9r	7399	cool
/m/03_qm	7382	jeep
/m/016xt7	7381	spoke
/m/0dxnmb	7365	surface water sports
/m/01c648	7362	laptop
/m/052mx	7327	mercedes-benz
/m/01d_tk	7327	emberizidae
/m/06_g7	7315	surfing
/m/0hgs7v4	7278	bridal clothing
/m/032rk	7274	gun
/m/04mkbj	7271	maroon
/m/04gh1	7268	laser
/m/01bq4	7263	boeing 767
/m/01rd5z	7257	aisle
/m/082bv	7237	whisky
/m/071qp	7231	squirrel
/m/06wyv	7226	steam engine
/m/04mygm	7225	bed sheet
/m/0308t8	7203	bedrock
/m/0d4wf	7194	kitchen
/m/0f115	7194	charadriiformes
/m/03ybsm	7186	creek
/m/0h8nzzj	7149	decor
/m/05kc29	7116	combat sport
/m/048knlz	7113	love
/m/01bjxx	7102	camera lens
/m/03c31	7084	graphic design
/m/06f41	7063	rowing
/m/02yybg	7055	bayou
/m/02l7rx	7042	convention center
/m/06y47	7042	sphere
/m/025kyy	7025	forehead
/m/065qfx	6996	skiff
/m/03dj64	6961	black cat
/m/03s7w_	6946	cirque
/m/024g6	6943	cocktail
/m/0mfnf	6927	noodle
/m/03hl4l9	6922	marine invertebrates
/m/0h8nvk9	6897	dishware
/m/04y7xr	6887	cook
/m/015m2	6878	bead
/m/0chbx	6878	violence
/m/044p4l	6843	baptistery
/m/02j71	6830	earth
/m/0hf73	6814	aerobatics
/m/07bgp	6809	sheep
/m/0pqdc	6794	hors d'oeuvre
/m/09j1x	6789	undergarment
/m/0cdnk	6781	big cats
/m/020jm	6772	beetle
/m/01m3tw	6760	animal shelter
/m/0crjs	6731	convenience store
/m/06z6r	6721	swimming
/m/01wt5r	6721	water park
/m/0c4f_	6707	weight training
/m/01dwxx	6683	gull
/m/05m9t	6655	open-wheel car
/m/05mqq3	6646	snout
/m/02c66t	6644	wedding dress
/m/01748f	6624	balcony
/m/01ys2s	6573	antique
/m/04h7h	6570	lighthouse
/m/07bg4p	6568	heart
/m/03qzgq	6568	rock climbing
/m/084rsc	6555	aqua
/m/07ywl	6531	volkswagen
/m/027k49j	6506	bishop
/m/0z71l	6505	storm
/m/01fnck	6502	waste
/m/0dlk0vw	6484	floribunda
/m/046glt	6471	electrical wiring
/m/0f8cd2	6465	rotorcraft
/m/02ym4x	6458	impressionist
/m/02rlv9	6445	motorboat
/m/01bjxj	6425	edible mushroom
/m/03jj52	6411	tabletop game
/m/02ntq6	6401	tarn
/m/02qd_7	6391	clock tower
/m/01fyrh	6389	downhill
/m/04_xn	6384	mosque
/m/0gjkl	6357	watch
/m/016c3c	6318	graduation
/m/025_v	6303	cactus family
/m/0xm0m9r	6296	chevrolet
/m/06g1w2	6294	pattern
/m/040kqv	6294	rallycross
/m/05pjb	6289	orchid family
/m/0h8jv05	6282	home fencing
/m/012jg5	6279	manx
/m/012n91	6256	emergency service
/m/05x3jb	6252	downhill mountain biking
/m/01hjj1	6236	mallard
/m/0d1tm	6228	eventing
/m/08pbxl	6226	monkey
/m/09csl	6210	eagle
/m/0j62f	6205	rectangle
/m/01r2fb	6191	inflatable
/m/04fdw	6182	kayak
/m/03c4j	6180	gemstone
/m/02_58j	6169	bedroom
/m/01d64p	6158	accipitriformes
/m/01ymmt	6157	violet family
/m/01w71f	6153	personal luxury car
/m/05zy0jz	6152	medicinal mushroom
/m/0dvh9	6145	classical architecture
/m/03w7hp	6140	ice rink
/m/0ggq0m	6137	classical music
/m/06xzh	6132	sleep
/m/01psvn	6130	canoeing
/m/01j2bj	6126	bathroom
/m/0267lq	6123	leaf beetle
/m/05pdd_v	6104	fire department
/m/047fr	6098	knitting
/m/014cnc	6079	student
/m/01tt2n	6074	caravel
/m/02lggn	6055	european food
/m/09728	6055	bread
/m/04yqq2	6048	bust
/m/0dr19	6040	rallying
/m/0dtln	6026	lamp
/m/01gkx_	6025	swimwear
/m/0gzt5	6025	hound
/m/09t4t	6011	manufacturing
/m/01j51	6011	balloon
/m/02h664x	5997	basketball player
/m/04m9y	5994	lizard
/m/0gn_f	5990	spiral
/m/01v4lt	5965	arch bridge
/m/0cxwt	5955	fractal art
/m/0h6hb8	5952	english riding
/m/017rgb	5931	ferris wheel
/m/07c52	5930	television
/m/01b5w1	5922	machine tool
/m/0g54v5d	5921	military vehicle
/m/028mzr	5917	hair coloring
/m/0h8ksfs	5916	electronics accessory
/m/03bgj7	5913	sport climbing
/m/0dbvp	5907	goose
/m/015zfz	5905	airbus
/m/0bwd_0j	5894	elephant
/m/04db_z	5885	psychedelic art
/m/01hffk	5883	carriage
/m/0157l1	5882	cable-stayed bridge
/m/047rwq3	5881	centrepiece
/m/01tg1x	5877	wasserfall
/m/03gzqq	5873	golf club
/m/07wmbj	5864	mountain bike racing
/m/01y9k5	5852	desk
/m/07cx4	5842	telephone
/m/020p1v	5829	wine bottle
/m/0jqgx	5826	lily
/m/042v_gx	5825	acoustic guitar
/m/015zbk	5820	airbus a330
/m/038jz	5802	glacier
/m/02pz5g2	5794	light commercial vehicle
/m/09nm_	5790	world
/m/0772h	5770	spaghetti
/m/04c38s	5768	daisy
/m/0m09	5766	ale
/m/03mr6	5746	hockey
/m/089mxq	5736	glass bottle
/m/0km3f	5734	labrador retriever
/m/01nq_x	5728	wild cat
/m/07kbbhf	5722	elephants and mammoths
/m/0swq_	5721	nature reserve
/m/0b26w3	5717	schnoodle
/m/02vqfm	5704	coffee
/m/0grtl	5691	steak
/m/07k1x	5657	tool
/m/01hrk6	5628	arena football
/m/01wcxw	5625	veteran
/m/09kmb	5619	spider
/m/0dqb5	5606	citrus
/m/044gvx	5605	beer bottle
/m/0hv3g	5604	conifer
/m/02_5v2	5593	quinceaã±era
/m/0pcm_	5586	larch
/m/03j1ly	5586	emergency vehicle
/m/0p_66	5585	ritual
/m/01b7b	5583	bishop
/m/043520	5580	scrap
/m/06kk62	5578	custom car
/m/03p1r4	5578	cupcake
/m/0n5v01m	5564	bag
/m/01vbb5	5564	ocean liner
/m/0b0fq	5563	photomontage
/m/05zsy	5560	pumpkin
/m/07rlg	5550	triathlon
/m/01www	5548	compact disc
/m/07fbm7	5540	strawberry
/m/02r0zt	5535	white-tailed deer
/m/02wv6th	5530	bakery
/m/0k362	5520	tulip
/m/0j_5b	5504	monoplane
/m/04cmwn	5492	goats
/m/05f725	5472	leaf vegetable
/m/02vk5tw	5469	golf course
/m/015ll	5460	board game
/m/012ckm	5449	bonfire
/m/0184yy	5443	moss
/m/0_tbv	5421	dinghy
/m/0275lwb	5396	military helicopter
/m/0gv1x	5395	parrot
/m/04f6rz	5391	turquoise
/m/03_qhc	5376	grille
/m/03rszm	5339	curtain
/m/03g09t	5326	clip art
/m/02t59k	5316	moisture
/m/05c1ypb	5277	nap
/m/053hz1	5267	cheering
/m/018p4k	5265	cart
/m/02q7ylj	5263	daytime
/m/0gw0_	5256	schooner
/m/01z45gc	5255	southeast asian food
/m/02xz2	5252	formula one
/m/08hnjb	5251	bookselling
/m/057p5t	5244	scoreboard
/m/03vc65	5222	buffet
/m/0d9wj	5210	urban design
/m/01s9m1	5198	tall ship
/m/013xlm	5176	tractor
/m/01xqrf	5175	butte
/m/02kvytt	5166	thread
/m/03f52z	5160	eyelash
/m/0b7z1	5159	drop
/m/01w1vt	5150	sahara
/m/025rgl	5146	plush
/m/062s4	5143	porsche
/m/05xnqg	5142	street food
/m/0q0qv	5127	wren
/m/026b60n	5117	colias
/m/01tq2l	5116	cruise ship
/m/015_d	5105	bomber
/m/06zdj	5103	school
/m/05677z	5101	tablecloth
/m/01r8g	5098	caving
/m/01m2v	5090	computer keyboard
/m/039r6	5087	general aviation
/m/0f6pl	5079	trolleybus
/m/09hlfz	5076	helicopter rotor
/m/0dbs2	5075	gargoyle
/m/0c06p	5075	candle
/m/03n9vx	5066	double-decker bus
/m/03_d0	5064	jazz
/m/02yq2x	5063	reflecting pool
/m/01ft5b	5051	kindergarten
/m/0dxlf	5033	grilling
/m/01jgnh	5029	heron
/m/0118ms9c	5022	reflex camera
/m/02522	5014	computer monitor
/m/0cmsl0l	5004	electrical supply
/m/019mk7	5000	campfire
/m/0kw94	4997	softball
/m/03bdrd	4986	fisheye lens
/m/0ds61d1	4982	cut flowers
/m/02t2zd	4979	cobblestone
/m/01x3z	4976	clock
/m/07j2f	4970	tattoo
/m/0d7v_	4967	maya civilization
/m/02z6033	4960	horse harness
/m/04qvtq	4957	police car
/m/0314n	4952	full moon
/m/09dj50	4949	english lavender
/m/06bqd	4946	rugby football
/m/068k4	4932	public speaking
/m/04yhpc	4930	molding
/m/019fyk	4929	raft
/m/04tr8s	4924	pc game
/m/09kjlm	4923	sneakers
/m/0m926	4889	middle-distance running
/m/03tmr	4882	ice hockey
/m/09ld4	4882	frog
/m/0f6wt	4852	falcon
/m/0gmk4	4852	mosaic
/m/080hkjn	4846	handbag
/m/0f1mq	4841	dragonflies and damseflies
/m/01bqk0	4816	bicycle wheel
/m/06nmjv	4812	dirt road
/m/058v5	4809	microcontroller
/m/03c79	4807	gate
/m/0f9kh	4806	dew
/m/0hpx4	4802	birch
/m/0ctfk	4774	espresso
/m/06h5_j	4772	child art
/m/01hf_2	4771	ape
/m/03sp5j	4768	house numbering
/m/0lz1c	4761	arachnid
/m/03ty65	4753	chinese architecture
/m/0335ws	4748	concert dance
/m/0fp7c	4745	hawk
/m/01rynr	4720	maple leaf
/m/02l6bg	4720	propeller
/m/054bkc	4717	oyster mushroom
/m/02vkl_w	4695	agaricomycetes
/m/01qhp_	4691	racquet sport
/m/0dytr	4688	naval ship
/m/02_2f1	4665	formula one car
/m/04spm	4663	manga
/m/0fbdb	4657	strawberries
/m/029g_9y	4639	ice hockey position
/m/03qtd73	4633	cookies and crackers
/m/03qqnt	4626	flightless bird
/m/032b3c	4624	jacket
/m/079dl7	4623	chocolate cake
/m/011jbn	4622	gourd
/m/01f116	4620	crypt
/m/060snx	4601	freestyle bmx
/m/04gth	4592	lavender
/m/094jc	4584	fishing
/m/01q4vl	4580	pagoda
/m/01295w	4580	galliformes
/m/078my	4579	trailer truck
/m/0db2f	4571	high-speed rail
/m/0cnyhnx	4569	bull
/m/03fcmz	4564	transmission tower
/m/032wfk	4555	road racing
/m/0h5y1j0	4546	toyota
/m/03gq92j	4542	motorcycle racing
/m/095yjj	4529	classical sculpture
/m/01brf	4520	bronze
/m/08hhz2	4512	sheeps
/m/0htd3	4512	maidenhair tree
/m/01gj4c	4509	pint (us)
/m/019ctc	4503	galleon
/m/0dm6dl	4500	barechestedness
/m/05542	4494	mecha
/m/052fxs	4489	roller in-line hockey
/m/04bvzm	4488	ballroom
/m/06cf7	4484	rose order
/m/06__v	4481	snowboard
/m/024pk	4479	whales, dolphins, and porpoises
/m/03dtr	4478	geyser
/m/02hlnc	4468	chocolate brownie
/m/0dflpy	4456	indian elephant
/m/0l515	4453	sandwich
/m/0k8hs	4445	domestic long-haired cat
/m/0hlw	4444	algae
/m/01lgkm	4442	recreational vehicle
/m/032km	4431	folk dance
/m/0269r2s	4430	chain
/m/0ftb8	4427	sunflower
/m/04pzb_	4423	halter
/m/0ft9s	4422	dragonfly
/m/017xv3	4419	pomacentridae
/m/01r9v	4412	computer program
/m/016f4d	4410	porcelain
/m/06tzj3	4401	thistle
/m/09tvcd	4377	wine glass
/m/04xsv	4374	martial arts
/m/02xhr73	4366	tennis player
/m/01n5cy	4365	carpet
/m/026smn	4355	airport terminal
/m/0b3fp9	4354	countertop
/m/093q8j	4349	motor ship
/m/025tnyc	4344	lumber
/m/01__t	4328	canadian football
/m/0dxn2	4327	roasting
/m/02bkg	4325	diving
/m/031dt	4321	frigate
/m/01dws	4312	bear
/m/0dftk	4292	swan
/m/09b5t	4286	chicken
/m/01j6f0	4281	skyway
/m/03sx2d	4274	food court
/m/02h_hw	4256	phragmites
/m/014trl	4254	cosmetics
/m/0ngt1	4253	thunder
/m/0130jx	4252	sink
/m/0142t_	4251	moat
/m/0bxdx	4239	windmill
/m/04zx3q1	4237	phd
/m/057gn	4234	minivan
/m/040h04	4229	hill station
/m/02c4kg	4228	net winged insects
/m/0h4wls	4225	western riding
/m/05r5c	4216	piano
/m/01n3yx	4198	warship
/m/0hzy2	4197	veil
/m/03gkb0	4189	socialite
/m/07wpp2	4184	air sports
/m/02nx2gc	4184	wrestler
/m/02p0w7s	4182	parakeet
/m/096mb	4180	lion
/m/015qff	4169	traffic light
/m/058sv	4165	magazine
/m/01cgz	4160	boxing
/m/06mb1	4160	rain
/m/06k2mb	4147	high-heeled footwear
/m/01ysy9	4138	diploma
/m/01z1kdw	4118	juice
/m/069fd	4114	quilting
/m/01tkqy	4113	stunt performer
/m/01knvc	4106	monarch butterfly
/m/0jb2l	4093	thunderstorm
/m/01kbw8	4091	dinghy sailing
/m/09j06	4087	hot air balloon
/m/09dzg	4087	turtle
/m/03w1r4	4078	military uniform
/m/01yjkq	4078	cross country running
/m/03bxt6z	4072	runway
/m/03kr0	4066	honda
/m/0h8n982	4057	shelving
/m/0277rq	4050	penny bun
/m/025sylx	4050	kayaking
/m/01_7l	4047	caffeine
/m/01k050	4044	cow-goat family
/m/06mf6	3993	rabbit
/m/06qrr	3977	soft drink
/m/0242l	3975	coin
/m/026w19n	3971	cruiser
/m/057cc	3969	musical keyboard
/m/05kc0j	3963	gauge
/m/01504	3955	brass
/m/027lt5	3955	peony
/m/094lf7	3953	arum
/m/02fj9	3935	destroyer
/m/0bbbgt	3929	sash window
/m/026dd	3925	dune
/m/04f62z	3920	cobalt blue
/m/02bqth	3917	vault
/m/0g02q	3914	courthouse
/m/0153bq	3914	mascot
/m/03yf6k	3896	family reunion
/m/037hz	3889	golf
/m/0h5z20c	3886	audi
/m/01mwy7	3885	container ship
/m/012ndj	3885	fire apparatus
/m/0fm3zh	3880	flowerpot
/m/02slmm	3870	800 metres
/m/012c4n	3870	cucurbita
/m/02r62_b	3869	origami paper
/m/01llwg	3864	necklace
/m/014mpm	3862	intersection
/m/0b03ql	3861	canopy
/m/0d79jq	3859	erg
/m/0hf35	3844	volkswagen beetle
/m/0f48p	3843	amphitheatre
/m/04f20t	3839	digital slr
/m/0dxtw	3837	special effects
/m/01jnfv	3829	viaduct
/m/039b5	3827	galaxy
/m/0bxdf	3823	rave
/m/0475mb	3815	agricultural machinery
/m/0wgq98_	3805	skating
/m/02zrvn	3804	demolition
/m/02jspn	3797	moth orchid
/m/027s69l	3792	bedtime
/m/03j2zx	3789	subshrub
/m/047vl80	3785	whipped cream
/m/017ndv	3775	telemark skiing
/m/010l12	3771	roller coaster
/m/028hh	3770	disaster
/m/02q8tbd	3767	alloy wheel
/m/02s195	3762	vase
/m/07_53	3762	volleyball
/m/02qvnf	3760	oxeye daisy
/m/01fpbm	3757	daisy
/m/08790l	3754	boutique
/m/02rhkz	3749	celestial event
/m/05qc_	3744	planet
/m/0gty6zf	3732	law enforcement
/m/02pltrv	3715	cross-country cycling
/m/0p83l	3715	jasmine
/m/078jl	3709	snake
/m/01qlmc	3708	brush footed butterfly
/m/04jkpd	3702	bridle
/m/0663v	3690	pizza
/m/07bs0	3686	tennis
/m/06w7v	3684	slide guitar
/m/019xd	3681	battleship
/m/05vyk	3679	pianist
/m/03hg06	3678	agaricaceae
/m/025rhd	3677	pocket
/m/027khl8	3677	flock
/m/0h9h0	3673	damselfly
/m/0sxvh	3666	animal migration
/m/03p66g	3651	crossover suv
/m/0dq6zp	3649	rosa ã centifolia
/m/02yvhj	3648	school bus
/m/0273gv	3647	carbonara
/m/0j6jq	3638	floodplain
/m/0279ct	3637	orb weaver spider
/m/03qc82_	3635	recreational fishing
/m/020xxc	3634	retriever
/m/0dvvc	3622	desktop computer
/m/08qrwn	3617	rubble
/m/04w8xt	3613	driveway
/m/01fmbp	3610	seaduck
/m/0drh_	3604	origami
/m/03ms9p	3604	truss bridge
/m/01lb5	3602	chess
/m/03fwl	3599	domestic goat
/m/0kh77	3598	estuary
/m/0m8q5	3589	quilt
/m/07jm90	3588	tank ship
/m/0137k8	3584	boeing 737
/m/0cblv	3577	ecoregion
/m/0b48hv	3561	rainbow
/m/07hgcp	3558	rein
/m/025rv6n	3555	fowl
/m/09bgkl	3544	outlet store
/m/04tc_	3535	mineral
/m/0fy9k	3532	pride parade
/m/03cr0tg	3526	nude photography
/m/03cny9	3524	badge
/m/01pb__	3518	dendrobium
/m/01xqvb	3514	academic dress
/m/0150fh	3509	ultralight aviation
/m/09wzt	3499	oak
/m/015mm6	3498	tights
/m/04brg2	3491	tableware
/m/07cmd	3489	tank
/m/015fyw	3488	poppy
/m/02vk771	3478	laborer
/m/0d4cc	3476	needlework
/m/04l3lm	3472	shooting range
/m/06fgw	3471	robot
/m/0268t21	3467	car seat
/m/02n6m5	3460	sun tanning
/m/042ck	3458	japanese cuisine
/m/017bm6	3456	lens flare
/m/0cdn1	3454	hamburger
/m/04swrh	3452	bulk carrier
/m/05sfw_	3445	cocktail dress
/m/025rxsc	3444	ferns and horsetails
/m/02jwq3	3442	punch
/m/03f6tc	3433	recreation room
/m/09fsk_	3432	araneus
/m/02dy7v	3432	spring break
/m/09spj9	3428	layered hair
/m/013sbk	3419	aquatic plant
/m/01k9lj	3419	jaw
/m/0l_yv	3419	snowshoe
/m/0wgq355	3417	kite sports
/m/05zmb	3414	parachuting
/m/01w1x1	3411	hand drum
/m/04cvjcd	3411	rain and snow mixed
/m/09w1n	3404	alpine skiing
/m/01bwb9	3389	house sparrow
/m/01kcnl	3384	birthday
/m/02z04ty	3380	sugar paste
/m/03fp41	3365	houseplant
/m/07h51	3363	trail riding
/m/0hbj9	3362	hapkido
/m/03lnzv	3355	calabaza
/m/0qmh4	3341	brassica
/m/02021	3326	chipmunk
/m/015k7	3315	gautama buddha
/m/01b638	3311	boot
/m/06s908	3306	fox squirrel
/m/09d5_	3296	owl
/m/04lzmz	3291	strap
/m/07cwvn	3291	outcrop
/m/02t69s	3277	world rally car
/m/0jnxw	3276	stew
/m/01jsqj	3276	macaque
/m/0g2d3	3275	serpent
/m/0l14jd	3265	choir
/m/01yttv	3265	audio equipment
/m/0d61m	3264	aurora
/m/039_px	3261	bolete
/m/0j91q	3250	hummingbird
/m/022ph9	3250	concept car
/m/01zxt7	3249	old world monkey
/m/0bpn3c2	3248	skateboarding--equipment and supplies
/m/025t0v3	3227	amateur boxing
/m/03hk59	3220	greengrocer
/m/0215j4	3217	camera operator
/m/02jj3m	3209	wolfdog
/m/09hyx	3209	lingerie
/m/04gvnx	3202	hedgehog cactus
/m/01224j	3200	hearth
/m/0ffjr	3200	personal protective equipment
/m/01b958	3199	scaffolding
/m/07dm6	3196	tiger
/m/03jydz	3195	cattleya
/m/013sr7	3187	boeing 757
/m/0cyfs	3180	parachute
/m/01r546	3178	earrings
/m/03bm6	3173	gardener
/m/03ttd9	3168	pixie-bob
/m/012n4x	3164	firefighter
/m/02h6p1l	3157	swimmer
/m/01z85	3146	cheerleading
/m/06_fw	3144	skateboard
/m/015z8s	3143	airbus a320 family
/m/03rbzn	3141	racewalking
/m/083p6f	3141	supermini
/m/0b44zl	3131	army men
/m/0k88r	3130	nightingale
/m/0197mw	3128	blackbird
/m/01dy62	3128	phasianidae
/m/0l8fl	3127	model aircraft
/m/0280yrc	3127	tuxedo
/m/01rb6t	3124	chrysanths
/m/021mn	3123	cookie
/m/019dxh	3113	rabits and hares
/m/05148p4	3111	keyboard
/m/071rm	3111	shooting
/m/0lbxz	3097	mother
/m/01tv9	3096	cream
/m/03f0h4	3091	roman temple
/m/01gg0y	3090	windsurfing
/m/026qcqv	3086	bombycidae
/m/08d_8c	3085	noodle soup
/m/06br8	3081	rugby union
/m/0wgq8gt	3081	dog sports
/m/052bc	3080	marsupial
/m/0j_yc	3078	wasp
/m/01492b	3073	opera house
/m/01g2vp	3070	rapeseed
/m/03lq2	3070	halloween
/m/04s5jq	3065	costume design
/m/016m2d	3064	skull
/m/04z7qr	3064	control tower
/m/0cbtm	3055	tribe
/m/07d0f	3053	trademark
/m/01cppc	3048	bird migration
/m/01ntw3	3046	human hair color
/m/022ch	3042	cross
/m/01c35v	3041	general practitioner
/m/04vmpm	3041	loft
/m/085n4	3036	website
/m/09l0j_	3035	ring
/m/091410	3035	collar
/m/09kjpq	3033	underwater diving
/m/0h0rv	3015	pigeons and doves
/m/01zxqd	3011	new world monkey
/m/0lnyz	3011	gravy
/m/048fg	3009	kickboxing
/m/01v46r	3001	giraffidae
/m/0n5szg6	3000	business executive
/m/0413y3	2998	mesh
/m/02ws6z	2992	chandelier
/m/0d3qh	2988	biplane
/m/02j091	2983	horse and buggy
/m/01p2t7	2975	stack
/m/02p81ht	2973	hot air ballooning
/m/02hdxc	2964	inlet
/m/07v7c	2958	universe
/m/0gwlg1	2952	pit cave
/m/0g9vs81	2951	steamed rice
/m/0317s	2947	flag of the united states
/m/06_4_k	2945	cage
/m/09sdbh	2944	luxury yacht
/m/07030	2939	sushi
/m/050h0q	2932	stemware
/m/05mk1s	2927	riparian forest
/m/0591sb	2927	windjammer
/m/0hnnb	2915	umbrella
/m/017fsk	2908	norwegian forest cat
/m/071t0	2904	shooting sport
/m/01rw_4	2901	sea kayak
/m/0gd3n	2891	seals
/m/08b9f0	2891	garden cosmos
/m/0cpk7	2885	incandescent light bulb
/m/0g0y_	2885	sunflower seed
/m/0gvss07	2878	combat vehicle
/m/07y_7	2874	violin
/m/01tksn	2868	spider web
/m/02fxgn	2865	cockapoo
/m/04wjqw	2864	pavilion
/m/01b_xd	2861	bumblebee
/m/07jmf	2857	keirin
/m/01krjr	2856	pendant
/m/0gzxy	2848	bengal
/m/02s4tj	2845	drill instructor
/m/01tp0c	2845	pebble
/m/028c_8	2842	catcher
/m/01qrmr	2835	pieridae
/m/0gvkb	2835	deep sea fish
/m/0983v	2833	barbecue
/m/01ck7x	2832	common pet parakeet
/m/080jpd1	2830	coin purse
/m/0g9wjzr	2826	egyptian temple
/m/01kr41	2826	mask
/m/03jvv0	2825	teal
/m/0lyf_	2821	greenhouse
/m/03ydd_	2819	havanese
/m/0gms8	2817	lightning
/m/0bp510f	2814	sailboat racing
/m/01v50j	2808	crane
/m/02crq1	2808	couch
/m/0d6n1	2807	ballet
/m/03lftc	2804	bmw 3 series (e90)
/m/01yx86	2798	bronze sculpture
/m/016b3m	2792	gravel
/m/01vqyv	2791	lacertidae
/m/0ch36lm	2790	ball over a net games
/m/03bxgn4	2789	sports prototype
/m/0d4by	2784	patchwork
/m/025rs2z	2782	gold
/m/0gv35	2781	macaw
/m/03ns2k	2780	litter
/m/01h7tx	2779	roller skating
/m/031b6r	2779	window blind
/m/05yz00	2778	powerboating
/m/01vbnl	2776	bidet
/m/06z3v	2766	stout
/m/02p16pn	2765	academic certificate
/m/0pcq81q	2761	soccer player
/m/045m16	2750	mill
/m/03f34_	2749	ancient greek temple
/m/01_6hg	2746	delicatessen
/m/0y8r	2743	armored car
/m/07sh0l	2742	locket
/m/01ht1r	2740	medieval architecture
/m/01v4x4	2737	camel-like mammal
/m/03bk1	2736	giraffe
/m/01nr56	2735	latte
/m/0c5yy	2734	confectionery
/m/02nbfq4	2733	nissan
/m/01llx7	2728	bracelet
/m/01j0ry	2724	traffic congestion
/m/01hr1w	2714	guided missile destroyer
/m/01xwx2	2713	weevil
/m/09g1w	2713	toilet
/m/01lp7f	2712	motocross
/m/0dmq2	2709	scooter
/m/01ngsj	2706	daylily
/m/0hscv	2703	robin
/m/04dz31	2701	poodle crossbreed
/m/014kk_	2699	crescent
/m/036vg6	2698	wrestling
/m/0h8lynm	2695	outdoor grill
/m/04lc4	2695	lager
/m/01vq6t	2694	agamidae
/m/01_6mc	2694	brambling
/m/051ppn	2689	glen of imaal terrier
/m/064rk	2687	pottery
/m/0cd3bj	2685	chain-link fencing
/m/06zfw	2677	skateboarding
/m/047x57	2675	construction worker
/m/01xyhv	2674	suit
/m/0dt23n	2674	borassus flabellifer
/m/0362v5	2673	chopper
/m/0csy8	2672	suspension bridge
/m/0299pv	2667	conformation show
/m/01jk5b	2665	prom
/m/03bs3p	2665	sanshou
/m/023t5p	2664	goal
/m/01t032	2662	golden retriever
/m/04k_6h	2662	muridae
/m/01xxn0	2651	hedge
/m/01s6w2	2650	heptathlon
/m/04yclrg	2650	reading
/m/05fny	2644	nebula
/m/08gqpm	2641	cup
/m/05cmcg	2640	chamaemelum nobile
/m/07j87	2639	tomato
/m/0h8mhph	2638	bicycle part
/m/02519_	2638	crater lake
/m/01yn01	2637	iris family
/m/0jtjg	2635	stork
/m/0jq47	2634	mercenary
/m/0h8kv5p	2622	gun accessory
/m/07jx7	2621	triangle
/m/02zfvv	2620	american shorthair
/m/01r24t	2618	barbecue grill
/m/014sg5	2612	viola
/m/025rvy6	2610	emergency
/m/04rmv	2600	mouse
/m/01c_9j	2599	quarry
/m/01c53d	2597	gerbil
/m/0j0w6	2594	boxing ring
/m/01k3tq	2593	bulldog
/m/065zvy	2585	liquor store
/m/0f2b9	2582	champagne
/m/02q1b85	2582	boarding
/m/0cj6f	2579	seaweed
/m/07l8p5	2579	side dish
/m/03vcw7	2578	dairy cow
/m/04tdfk	2577	ciabatta
/m/0k3b9	2575	hydrangea
/m/0642b4	2572	cupboard
/m/02y6n	2571	french fries
/m/0296jp	2567	caffã¨ macchiato
/m/01g4rl	2567	buzzard
/m/01y2w	2566	ciconiiformes
/m/0d9_3	2566	larva
/m/0h8l777	2560	art paper
/m/01j0xm	2558	world rally championship
/m/01pwdc	2557	carousel
/m/04xpvv	2556	shoot boxing
/m/03pzx	2555	great ape
/m/03xbw	2554	ice skating
/m/014j1m	2551	apple
/m/0kfbd	2550	rodeo
/m/01f6l	2548	bandy
/m/02w3w	2541	fiddle
/m/05j7sp	2536	agaricus
/m/0cyhj_	2532	orange
/m/01kcd	2531	brass instrument
/m/0hkmy	2530	fern
/m/09qgm	2523	snowboarding
/m/0lbf4	2522	yacht racing
/m/0cfk35	2520	chocolate truffle
/m/01yyk	2518	cereal
/m/05p50t_	2513	marguerite daisy
/m/0c1c2xl	2513	cinclidae
/m/014v7p	2512	zebra crossing
/m/03tw93	2508	fireplace
/m/07zs3l	2504	keelboat
/m/0hgr6	2501	denim
/m/0cp_p	2500	taste
/m/0bpwf6g	2495	football--equipment and supplies
/m/018w1s	2494	public library
/m/03nm8c	2492	european garden spider
/m/07bn8z	2491	mound
/m/0kmg4	2487	teddy bear
/m/026zs_	2486	workshop
/m/026qbn5	2481	studio couch
/m/02r7yb9	2475	freshwater aquarium
/m/06ft48n	2475	stick and ball sports
/m/01npvx	2472	chow mein
/m/023cbk	2471	cargo
/m/0pg52	2462	taxi
/m/02h90v	2461	matsutake
/m/01h5yp	2456	hibiscus
/m/0bv199	2453	professional boxing
/m/0fr19	2446	dandelion
/m/026qs53	2442	college ice hockey
/m/01dgwv	2440	true bugs
/m/0m0gc	2438	date palm
/m/05252qc	2438	freight car
/m/012047	2437	narcissus
/m/0gd36	2429	sea lion
/m/02w8p8p	2424	dog walking
/m/01pd2g	2418	raspberry
/m/0flg6	2418	root
/m/0jhgb	2417	scarabs
/m/03z1rt	2417	hangar
/m/02dsz	2416	disc jockey
/m/03qtnt	2416	miniature
/m/02g597	2415	chinese martial arts
/m/090pbr	2414	landscape lighting
/m/07s6bqg	2413	cable car
/m/01c4r0	2412	canning
/m/01c778	2410	slum
/m/0549d_	2406	endurance riding
/m/04lgq	2401	lacrosse
/m/0lxkm	2400	iris
/m/0h1j7	2400	paragliding
/m/0396p	2400	gorilla
/m/07clx	2397	tea
/m/02mjpr	2397	bmw 5 series
/m/05z6w	2396	penguin
/m/0wgq6y7	2395	striking combat sports
/m/0kxk	2393	archipelago
/m/0fqfqc	2390	drawer
/m/04p168	2389	cue stick
/m/02qvl7	2387	defenseman
/m/09696	2384	wheat
/m/04f44c	2375	foal
/m/07qy1	2374	torpedo boat
/m/02kysw	2368	spaniel
/m/0cdn2d	2366	trigger
/m/0hzlg	2365	dahlia
/m/02hj4	2355	dolphin
/m/011k07	2352	tortoise
/m/029tx	2350	dinosaur
/m/016btq	2349	vineyard
/m/01h6d4	2348	camping
/m/01zpz	2347	crew
