"/g/1172hxxrk"	"traditional sport"	Karate: self-defense &amp; traditional sport forms
"/g/1172hxxrk"	"traditional sport"	Karate: self-defense &amp; traditional sport forms
"/g/11jwzh3_l"	"volcanic landform"	
"/g/11jxkqbpp"	"mountainous landforms"	
"/g/11jy976z6"	"small terrier"	
"/g/11k2xz7mr"	"meteorological phenomenon"	Brookings effect
"/g/11k38drqt"	"grilled food"	
"/g/121sl9wl"	"jaguar s-type"	Jaguar S-Type and 420
"/g/12233hjw"	"classic"	Mesoamerica
"/g/1261x0jn3"	"baby products"	Philips AVENT
"/g/1q5yy2zkf"	"hairless cat"	Sphynx cat
"/m/010dmf"	"isle of man tt"	Isle of Man
"/m/010jjr"	"amusement park"	Lagoon
"/m/010l12"	"roller coaster"	Boomerang
"/m/0117z"	"air show"	Paris Air Show
"/m/0118ms9c"	"reflex camera"	Still camera
"/m/011_dp"	"skin-head percussion instrument"	
"/m/011_f4"	"string instrument"	National String Instrument Corporation
"/m/011_g9"	"wind instrument"	The amateur wind instrument maker
"/m/011_lb"	"vespa"	Bruno Vespa
"/m/011_xr"	"azalea"	Iggy Azalea
"/m/011jbn"	"gourd"	Calabash
"/m/011jxn"	"lasagne"	Lasagne
"/m/011k_j"	"timpani"	Timpani Records
"/m/011l1"	"afghan hound"	Afghan Hound
"/m/011l78"	"team"	England national football team
"/m/011lh"	"azawakh"	Azawakh
"/m/011ljn"	"velvet"	The Velvet Underground
"/m/011lx"	"acrylic paint"	Acrylic Paint Course
"/m/011s0"	"advertising"	Yahoo!
"/m/011v5tq3"	"media player"	House Media Player
"/m/011xdj"	"meringue"	Meringue
"/m/011xz6"	"acura"	Acura
"/m/011y23"	"stained glass"	Stained Glass
"/m/011yvr"	"plantation"	Plantation
"/m/012015"	"stone tool"	Tisza culture
"/m/012047"	"narcissus"	Daffodil
"/m/01205h"	"ferret"	Ferret
"/m/012074"	"magpie"	Magpie
"/m/0120dh"	"sea turtle"	Leatherback sea turtle
"/m/0121d8"	"historic house"	Lefferts Historic House
"/m/0121tl"	"electronic instrument"	Outland 2
"/m/01224j"	"hearth"	Plow &amp; Hearth Inc
"/m/01226z"	"football"	NFL
"/m/0122b5"	"newsprint"	Tamil Nadu Newsprint and Papers Limited
"/m/0123gb"	"egret"	Great egret
"/m/01240d"	"tuber"	Truffle
"/m/0125ny"	"lake district"	Lake District
"/m/0126gc"	"reindeer"	Reindeer
"/m/0127_k"	"spark plug"	NGK
"/m/0127n5"	"mussel"	Mussel
"/m/01280g"	"wildlife"	World Wide Fund for Nature
"/m/01295w"	"galliformes"	Galliformes
"/m/0129nn"	"rook"	Rook
"/m/012blf"	"icelandic sheepdog"	Icelandic Sheepdog
"/m/012c4n"	"cucurbita"	Cucurbita
"/m/012c9l"	"domestic short-haired cat"	Cats 101
"/m/012cc2"	"russian blue"	Russian Blue
"/m/012ckm"	"bonfire"	Bonfire
"/m/012d_c"	"blacksmith"	Blacksmith lapwing
"/m/012f08"	"motor vehicle"	Dodge
"/m/012gxj"	"gazelle"	Gazelle
"/m/012h24"	"comics"	DC Comics
"/m/012hvb"	"corset"	Kate Winslet
"/m/012jg5"	"manx"	Manx cat
"/m/012jh9"	"scottish fold"	Scottish Fold
"/m/012k6q"	"ocicat"	Ocicat
"/m/012lk9"	"player piano"	Player Piano
"/m/012lnv"	"himalayan"	Himalayas
"/m/012lr2"	"devon rex"	Devon Rex
"/m/012ltm"	"birman"	Birman
"/m/012m47"	"chinese new year"	Chinese new year flower
"/m/012mj"	"alcoholic beverage"	Beer
"/m/012mq4"	"sports car"	Mid-Ohio Sports Car Course
"/m/012mqx"	"iceberg"	Sinking of the RMS Titanic
"/m/012n4x"	"firefighter"	Dallas
"/m/012n7d"	"ambulance"	AFS Intercultural Programs
"/m/012n91"	"emergency service"	State Emergency Service
"/m/012ndj"	"fire apparatus"	Seagrave Fire Apparatus
"/m/012q9c"	"bodyguard"	The Bodyguard: Original Soundtrack Album
"/m/012q_x"	"coast guard"	United States Coast Guard
"/m/012qdp"	"military officer"	French Army
"/m/012qyb"	"barber"	The Barber of Seville
"/m/012rvq"	"reconnaissance"	United States Marine Corps Force Reconnaissance
"/m/012sbd"	"tournament"	UEFA Euro 2016
"/m/012shk"	"seabird"	Seabird
"/m/012t_z"	"businessperson"	Businessperson
"/m/012tq3"	"republic p-47 thunderbolt"	Republic P-47 Thunderbolt
"/m/012v4j"	"hiking"	APO Hiking Society
"/m/012v6r"	"sikorsky sh-3 sea king"	Sikorsky SH-3 Sea King
"/m/012v8q"	"bog"	Vaccinium uliginosum
"/m/012vt9"	"flautist"	Flautist
"/m/012vv0"	"violist"	Violist
"/m/012vzz"	"plant pathology"	Plant Pathology, Fifth Edition
"/m/012w5l"	"ladder"	Jacob's Ladder
"/m/012wds"	"schutzhund"	Giant Schnauzer
"/m/012ww9"	"archaeological site"	Carthage
"/m/012x5p"	"bento"	Bento
"/m/012x6l"	"laundry"	Starch
"/m/012x_7"	"osechi"	Osechi
"/m/012x_n"	"okonomiyaki"	Okonomiyaki
"/m/012xb8"	"nabemono"	Nabemono
"/m/012xff"	"toothbrush"	Salvadora persica
"/m/012xhn"	"slam dunk"	Slam Dunk
"/m/012xxq"	"onigiri"	Onigiri
"/m/012xzr"	"tempura"	Tempura
"/m/012y1_"	"soba"	Soba
"/m/012zzh"	"somali"	Somalia
"/m/01305f"	"condor"	Focke-Wulf Fw 200 Condor
"/m/0130jx"	"sink"	Robert Sink
"/m/0132vv"	"american bobtail"	American Bobtail
"/m/0132wl"	"japanese bobtail"	Japanese Bobtail
"/m/0132x9"	"kakigåri"	
"/m/0133d8"	"porsche cayenne"	Porsche
"/m/0134l"	"autumn"	Autumn
"/m/01350r"	"performance art"	Performance art
"/m/0137k8"	"boeing 737"	Boeing 737
"/m/0138tl"	"toy"	Toy Story
"/m/013992"	"lathe"	Aylesford
"/m/01399x"	"pipe organ"	Wurlitzer
"/m/013_1c"	"statue"	Statue of Liberty
"/m/013__5"	"leek"	Leek
"/m/013btk"	"lark"	Lark
"/m/013c1m"	"mcdonnell douglas dc-10"	McDonnell Douglas DC-10
"/m/013m1"	"air force"	United States Air Force
"/m/013phj"	"pontiac vibe"	TABC, Inc.
"/m/013q4y"	"cheeseburger"	Cheeseburger
"/m/013q65"	"jelly bean"	Jelly bean
"/m/013s93"	"t-shirt"	ALF
"/m/013sbk"	"aquatic plant"	Potamogeton
"/m/013sd_"	"lingonberry"	Lingonberry
"/m/013sr7"	"boeing 757"	Boeing 757
"/m/013v0m"	"rooibos"	Rooibos
"/m/013v4j"	"persimmon"	Persimmon
"/m/013vs"	"afterglow"	Afterglow
"/m/013w5c"	"boeing 717"	Boeing 717
"/m/013x4m"	"radiology"	American Board of Radiology
"/m/013xbf"	"electrical connector"	Structural design of an innovative electrical connector for satellite test of the equivalence principle
"/m/013xk6"	"banana family"	Banana
"/m/013xl3"	"hovercraft"	Hovercraft
"/m/013xlm"	"tractor"	Tractor Sazi F.C.
"/m/013y0j"	"organ"	Wurlitzer
"/m/013y1f"	"organ"	Wurlitzer
"/m/013yjr"	"ensete"	Ensete
"/m/0140x"	"mcdonnell douglas av-8b harrier ii"	McDonnell Douglas AV-8B Harrier II
"/m/01423"	"fairchild republic a-10 thunderbolt ii"	Fairchild Republic A-10 Thunderbolt II
"/m/0142t_"	"moat"	Moat Mount Open Space
"/m/0142vg"	"sled"	Sled
"/m/0142wf"	"pajamas"	PJ Harvey
"/m/0142y7"	"spandex"	Spandex sapiens
"/m/01432t"	"cassette deck"	Cassette Deck
"/m/01443y"	"headgear"	Headgear
"/m/01445t"	"athlete"	Athlete
"/m/0145sj"	"procyonidae"	Procyonidae
"/m/01474s"	"vortex"	Vortex
"/m/01482f"	"brie"	Brie
"/m/0148h8"	"mink"	Mink
"/m/01492b"	"opera house"	Royal Opera House, London
"/m/0149_7"	"shrew"	Shrew
"/m/0149r"	"aquarium"	Public aquarium
"/m/014_d3"	"ford taurus"	NASCAR Ford Taurus
"/m/014_z9"	"apple pie"	Apple pie
"/m/014cnc"	"student"	Rutgers University
"/m/014dsx"	"travel"	Travel Channel
"/m/014f__"	"supercar"	Supercar
"/m/014ht3"	"cosplay"	Cosplay Complex
"/m/014hvd"	"long island iced tea"	Long Island Iced Tea
"/m/014j1m"	"apple"	Apple Inc.
"/m/014jg3"	"training"	Officers' Training Corps
"/m/014jq0"	"analog synthesizer"	Doomsdayer's Holiday
"/m/014jz8"	"udon"	Udon
"/m/014kk_"	"crescent"	International Red Cross and Red Crescent Movement
"/m/014l8n"	"yogurt"	Yogurt
"/m/014m0q"	"ford model t"	Henry Ford and the Model T
"/m/014mnd"	"circus"	Comedy Circus
"/m/014mpm"	"intersection"	Intersection
"/m/014rrf"	"hybrid vehicle"	Hybrid vehicle propulsion
"/m/014sg5"	"viola"	Violet
"/m/014sv8"	"eye"	CBS
"/m/014tl"	"ammunition"	Ammunition
"/m/014trl"	"cosmetics"	MAC Cosmetics
"/m/014vnq"	"donburi"	Donburi
"/m/014xcs"	"pedestrian crossing"	Abbey Road
"/m/014y4n"	"paddle"	Kid Paddle
"/m/014yck"	"aircraft engine"	Nakajima Aircraft Company
"/m/014zdl"	"explosion"	Delft
"/m/01504"	"brass"	Herb Alpert
"/m/0150fh"	"ultralight aviation"	Stadskanaal Airfield
"/m/01514"	"ballroom dance"	Ballroom Dance
"/m/01515d"	"flight"	Malaysia Airlines Flight 370
"/m/0151b0"	"triangle"	Research Triangle
"/m/0151nd"	"balaclava"	Battle of Balaclava
"/m/0152hh"	"snowman"	The Snowman
"/m/0153bq"	"mascot"	Sydney Airport
"/m/01540"	"biology"	Coral
"/m/01553z"	"ratite"	Ratite
"/m/01564y"	"lockheed c-5 galaxy"	Lockheed C-5 Galaxy
"/m/0157l1"	"cable-stayed bridge"	Kigamboni Bridge
"/m/0158_5"	"cockpit"	Cockpit Theatre, Marylebone
"/m/0158vt"	"tunnel"	Channel Tunnel
"/m/01599"	"beer"	Beer
"/m/0159gt"	"brewery"	Beer
"/m/015_77"	"walnut"	Walnut
"/m/015_d"	"bomber"	Northrop Grumman B-2 Spirit
"/m/015_x"	"cue sports"	Pool Revolution: Cue Sports
"/m/015b1y"	"mai tai"	Mai Tai
"/m/015bv3"	"document"	Document
"/m/015c4z"	"sitting"	Sitting Bull
"/m/015fyw"	"poppy"	Poppy
"/m/015g8h"	"saturn"	Saturn
"/m/015h_t"	"beard"	James Beard Foundation Award
"/m/015k1g"	"caller id"	Caller ID
"/m/015k7"	"gautama buddha"	Gautama Buddha
"/m/015kp7"	"stratovolcano"	Mount Pico
"/m/015kr"	"bridge"	Arch bridge
"/m/015l_t"	"dust"	Phencyclidine
"/m/015lbc"	"crow-like bird"	
"/m/015ll"	"board game"	Days of Wonder
"/m/015lz1"	"singing"	Salem Media Group
"/m/015m2"	"bead"	The Glass Bead Game
"/m/015mm6"	"tights"	Robin Hood: Men in Tights
"/m/015mr2"	"lockheed p-3 orion"	Lockheed P-3 Orion
"/m/015p6"	"bird"	bird
"/m/015qcd"	"payphone"	Payphone
"/m/015qff"	"traffic light"	Traffic Light
"/m/015r61"	"modern art"	Museum of Modern Art
"/m/015rkd"	"chicory"	Chicory
"/m/015rvg"	"wedding ring"	The Wedding Ring
"/m/015s2f"	"water resources"	Norwegian Water Resources and Energy Directorate
"/m/015st5"	"oil rig"	Deepwater Horizon explosion
"/m/015vmt"	"rangefinder"	Rangefinder
"/m/015w3y"	"falafel"	Falafel
"/m/015w6q"	"barbie"	Barbie
"/m/015w76"	"avro lancaster"	Avro Lancaster
"/m/015w7p"	"cauliflower"	Cauliflower
"/m/015wgc"	"croissant"	Croissant
"/m/015x4r"	"cucumber"	Cucumber
"/m/015x5n"	"radish"	Radish
"/m/015y82"	"african grey"	African grey parrot
"/m/015y8h"	"jet aircraft"	Jet fuel
"/m/015z_b"	"takeoff"	Takeoff
"/m/015zbk"	"airbus a330"	Airbus A330
"/m/015zfz"	"airbus"	Airbus
"/m/015zzv"	"runway"	Project Runway
"/m/01613k"	"holding hands"	Freaks
"/m/0161df"	"ulama"	Darul Uloom Nadwatul Ulama
"/m/0162_1"	"towel"	Towel Boy
"/m/0162j4"	"rafting"	Rafting
"/m/0162v0"	"kelp"	Kelp
"/m/0163gn"	"paintball"	Paintball
"/m/0163q8"	"flamingo"	Flamingo Las Vegas
"/m/01645p"	"avocado"	Avocado
"/m/0166ls"	"park"	University of Maryland, College Park
"/m/0167gd"	"doll"	Annabelle
"/m/0168g6"	"factory"	Factory
"/m/016983"	"river delta"	Pearl River Delta
"/m/0169zh"	"smartphone"	Vivo Smartphone
"/m/016_bh"	"shadbush"	Shadbush
"/m/016b2k"	"bramble"	Bramble
"/m/016b3m"	"gravel"	Mike Gravel
"/m/016bn0"	"omelette"	Omelette
"/m/016bpr"	"recumbent bicycle"	Burley Design
"/m/016bql"	"igloo"	Mobile Suit Gundam MS IGLOO
"/m/016br2"	"dome"	Dome
"/m/016btq"	"vineyard"	Martha's Vineyard
"/m/016c3c"	"graduation"	Graduation
"/m/016c4t"	"ceremony"	Academy Awards
"/m/016c68"	"adult"	Adult Swim
"/m/016cjb"	"gospel music"	Up
"/m/016f4d"	"porcelain"	Royal Worcester
"/m/016f9d"	"cowboy"	Cowboy Bebop
"/m/016fqn"	"douglas dc-3"	Douglas DC-3
"/m/016g2_"	"lily family"	Liliaceae
"/m/016g5h"	"editing"	Academy Award for Best Film Editing
"/m/016g8_"	"tarmac"	Tarmac
"/m/016gcr"	"guru"	Guru Nanak
"/m/016gq4"	"mulberry"	Mulberry
"/m/016h1k"	"handcuffs"	Holiday in Handcuffs
"/m/016m2d"	"skull"	Red Skull
"/m/016nqd"	"shape"	Earth
"/m/016nqt"	"twig"	Longhorn beetle
"/m/016nsr"	"marsh"	It
"/m/016pxy"	"buzkashi"	Buzkashi Boys
"/m/016q19"	"petal"	Petal
"/m/016qdn"	"suede"	Suede
"/m/016rbg"	"melon"	Watermelon
"/m/016rvq"	"dewberry"	Dewberry
"/m/016s_l"	"saint patrick's day"	Saint Patrick's Day
"/m/016sb3"	"margarita"	Margarita Island
"/m/016wfy"	"pomeranian"	Pomeranian
"/m/016wkx"	"pug"	Pug
"/m/016x44"	"spruce"	Spruce
"/m/016x4z"	"fir"	Fir
"/m/016x87"	"hawthorn"	Hawthorn Football Club
"/m/016xt7"	"spoke"	Thus Spoke Zarathustra
"/m/016yfz"	"shiitake"	Shiitake
"/m/016yx7"	"gym"	Gold's Gym
"/m/016z4k"	"singer-songwriter"	Singer-songwriter
"/m/016znt"	"public utility"	Ukiah
"/m/0170gz"	"nativity scene"	Nativity Scene
"/m/0172jz"	"bobcat"	Cessna AT-17 Bobcat
"/m/0173tc"	"chapel"	University of North Carolina at Chapel Hill
"/m/01748f"	"balcony"	Romeo and Juliet
"/m/01748x"	"gooseberry"	Gooseberry
"/m/0174g1"	"cushion"	Cushion plant
"/m/0174k2"	"washing machine"	Washing Machine
"/m/0174m3"	"dry cleaning"	Tetrachloroethylene
"/m/0174n1"	"glove"	Glove
"/m/0174nj"	"gramophone record"	Decca Records
"/m/01767_"	"stocking"	Chicago Cubs
"/m/0176mf"	"belt"	Kuiper belt
"/m/017752"	"toyota celica"	TOM'S
"/m/0177t1"	"plaid"	Plaid
"/m/01786t"	"tricycle"	Tricycle Theatre
"/m/0178g"	"boeing"	Boeing 737
"/m/017_cz"	"major appliance"	Major appliance repair guide
"/m/017_nw"	"polikarpov i-16"	Polikarpov I-16
"/m/017blf"	"wheat beer"	Wheat beer
"/m/017bm6"	"lens flare"	Clashback
"/m/017c3w"	"bonsai"	Bonsai
"/m/017cc"	"brain"	Pinky and the Brain
"/m/017clw"	"laboratory"	Jet Propulsion Laboratory
"/m/017ctv"	"single malt scotch whisky"	Scotch whisky
"/m/017d6t"	"cessna 172"	Cessna 172 Skyhawk
"/m/017dmf"	"nissan skyline gt-r"	Nissan Skyline GT-R 1989-2002 -Limited Edition Extra
"/m/017dpx"	"caraway"	Caraway
"/m/017dqv"	"fennel"	Fennel
"/m/017fr0"	"balinese"	Balinese cat
"/m/017fsk"	"norwegian forest cat"	Norwegian Forest cat
"/m/017ftj"	"sunglasses"	Sunglasses at Night
"/m/017fv0"	"nebelung"	Nebelung
"/m/017h86"	"action figure"	Evel Knievel
"/m/017kvv"	"infrastructure"	Switzerland
"/m/017lg8"	"samoyed"	Samoyed
"/m/017lw7"	"american eskimo dog"	American Eskimo Dog
"/m/017m8l"	"waterway"	Intracoastal Waterway
"/m/017mln"	"cracker"	Cracker
"/m/017n8q"	"viking ships"	Viking ships at sunrise
"/m/017ndv"	"telemark skiing"	Telemark
"/m/017qzd"	"patriarch"	Bartholomew I of Constantinople
"/m/017r3f"	"chameleon"	Chameleons
"/m/017r3y"	"videocassette recorder"	Videocassette Recorder
"/m/017r8p"	"pedestrian"	Subway
"/m/017rgb"	"ferris wheel"	Tempozan Ferris Wheel
"/m/017rnr"	"amusement ride"	Mondial
"/m/017rtb"	"panorama"	Panorama
"/m/017ssg"	"boiler"	Boiler Room
"/m/017t3p"	"airedale terrier"	Airedale Terrier
"/m/017v43"	"sea anemone"	Sea anemone
"/m/017xql"	"salsa"	Salsa
"/m/017xrt"	"pomacanthidae"	Pomacanthidae
"/m/017xv3"	"pomacentridae"	Pomacentridae
"/m/017y8_"	"terrier"	Terrier
"/m/017z01"	"french toast"	French toast
"/m/017z0v"	"toast"	Toast
"/m/017z18"	"small appliance"	Small appliance repair
"/m/017z5n"	"boysenberry"	Boysenberry
"/m/017zl6"	"scent hound"	Scent hound
"/m/0180xr"	"neighbourhood"	The Neighbourhood
"/m/01811m"	"wetsuit"	O'Neill
"/m/01814z"	"bodyboarding"	Mike Stewart's Pro Bodyboarding
"/m/01820"	"mustard and cabbage family"	Cabbage family
"/m/0182yx"	"shetland sheepdog"	Shetland Sheepdog
"/m/01833w"	"outer space"	Outer space
"/m/0183xd"	"vizsla"	Vizsla
"/m/0184rb"	"pond"	Honda Center
"/m/0184yy"	"moss"	Moss
"/m/018_h5"	"brigantine"	Brigantine
"/m/018_hn"	"brig"	Brig
"/m/018_zj"	"sausage roll"	Sausage roll
"/m/018bp6"	"baked beans"	Baked beans
"/m/018cgx"	"steamboat"	Steamboat Springs
"/m/018dy5"	"pepperoni"	Pepperoni
"/m/018dz0"	"salami"	Salami
"/m/018dz_"	"kimchi"	Kimchi
"/m/018dzj"	"sauerkraut"	Sauerkraut
"/m/018g8j"	"snails and slugs"	Gastropods
"/m/018g_l"	"rhodesian ridgeback"	Rhodesian Ridgeback
"/m/018gpn"	"hurdling"	Hurdling
"/m/018gxk"	"teriyaki"	Teriyaki Boyz
"/m/018hjb"	"sport kite"	Sport kite magic!
"/m/018j2"	"banjo"	Banjo Paterson
"/m/018jrr"	"plan"	Plan
"/m/018jz"	"baseball"	Major League Baseball
"/m/018kg"	"baseball positions"	Baseball--the positions
"/m/018ktp"	"watercolor paint"	Daniel Smith Artists' Materials
"/m/018kx9"	"takoyaki"	Takoyaki
"/m/018l35"	"pharmaceutical drug"	Pharmaceutical Drug Analysis
"/m/018lrm"	"arena"	The O2 Arena
"/m/018nds"	"daikon"	Daikon
"/m/018p4k"	"cart"	1993 PPG Indy Car World Series
"/m/018rc1"	"ground attack aircraft"	Fairchild Republic A-10 Thunderbolt II
"/m/018rl2"	"airbus a380"	Airbus A380
"/m/018rn4"	"choreography"	MTV Video Music Award for Best Choreography
"/m/018rqw"	"wide-body aircraft"	Wide Body Aircraft in France
"/m/018rtl"	"optometry"	State University of New York College of Optometry
"/m/018sbr"	"danish pastry"	Danish pastry
"/m/018ssc"	"groundcover"	Groundcover
"/m/018tvc"	"holly"	Holly
"/m/018vnz"	"corn flakes"	Corn flakes
"/m/018vpr"	"cliff"	Cliff Richard
"/m/018vs"	"bass guitar"	Danelectro
"/m/018vs6"	"escarpment"	Niagara Escarpment
"/m/018w1s"	"public library"	New York Public Library
"/m/018w8"	"basketball"	National Basketball Association
"/m/018wwb"	"volkswagen golf"	Volkswagen Golf Gti
"/m/018x5d"	"trench"	Routledge
"/m/018xm"	"ball"	Dragon Ball
"/m/018y5m"	"valentine's day"	Valentine's Day
"/m/018y_6"	"inventory"	Inventory
"/m/018yrv"	"barrel racing"	Barrel Racing Angel
"/m/018ywq"	"scottish terrier"	Scottish Terrier
"/m/018z4d"	"bloodhound"	Bloodhound
"/m/018z5l"	"mikoyanâgurevich mig-15"	
"/m/018zrn"	"relay race"	Relay Race
"/m/01911n"	"chassis"	Dodge
"/m/0191_7"	"retail-store"	Apple Store
"/m/0191f8"	"learning"	English language
"/m/0191hp"	"oil tanker"	MV Prestige
"/m/0192g7"	"barque"	Viking
"/m/0192gz"	"viburnum"	Viburnum
"/m/0192l"	"bagpipes"	Relapse
"/m/01940j"	"backpack"	Backpack Travels
"/m/01943w"	"ibis"	Ibis
"/m/0194d"	"badminton"	China national badminton team
"/m/0194pv"	"ivy family"	Araliaceae
"/m/0194v4"	"singing sand"	Singing Sand
"/m/0195fx"	"rapid transit"	Bay Area Rapid Transit
"/m/019600"	"spoonbill"	Spoonbill
"/m/0196s4"	"landscape architect"	Frederick Law Olmsted
"/m/019780"	"traffic circle"	Traffic Circle
"/m/0197mw"	"blackbird"	Common blackbird
"/m/0199b0"	"safari"	Safari park
"/m/0199g"	"bicycle"	Brompton Bicycle
"/m/019b80"	"sweater"	Sweater Weather
"/m/019brn"	"dreadlocks"	Dreadlocks Ltd
"/m/019cfy"	"stadium"	Wembley Stadium
"/m/019cpb"	"mikoyan mig-29"	Mikoyan MiG-29
"/m/019ctc"	"galleon"	Galleon
"/m/019ctw"	"sunday roast"	Sunday roast
"/m/019dx1"	"home appliance"	Home Appliance
"/m/019dxh"	"rabits and hares"	
"/m/019f1p"	"zante currant"	Zante currant
"/m/019f38"	"pigs in blankets"	Pigs in blankets
"/m/019fyk"	"raft"	George Raft
"/m/019h78"	"centipede"	Centipedes
"/m/019jd"	"boat"	General Dynamics Electric Boat
"/m/019jmv"	"messerschmitt bf 109"	Messerschmitt Bf 109
"/m/019ktg"	"srt viper"	Toray Industries
"/m/019ldr"	"spanakopita"	Spanakopita
"/m/019lzv"	"ballistic missile submarine"	Ballistic missile submarine
"/m/019mbd"	"antenna"	ANT1
"/m/019mk7"	"campfire"	Campfire
"/m/019mn6"	"egyptian vulture"	Egyptian vulture
"/m/019nj4"	"smile"	Glitter Force
"/m/019p5q"	"gentleman"	Gentleman
"/m/019plg"	"shopping cart"	Freedom Lika Shopping Cart
"/m/019qnn"	"lotus elise"	Lotus Cars
"/m/019qw9"	"convertible"	MINI
"/m/019rjn"	"futsal"	Iran national futsal team
"/m/019sc"	"black"	Black Sea
"/m/019sc6"	"lighting"	Philips
"/m/019t5_"	"light cruiser"	Japanese cruiser Sendai
"/m/019t6d"	"animal fat"	Animal fat
"/m/019tql"	"flagship"	Flagship
"/m/019tzd"	"mountain biking"	No Fear Downhill Mountain Biking
"/m/019v__"	"tvr"	TVR
"/m/019vj1"	"pasty"	Pasty
"/m/019w40"	"surfboard"	Cody Simpson
"/m/019w6h"	"physical exercise"	A Physical Exercise Unresolved
"/m/019w9j"	"rhythmic gymnastics"	2016 Idol Star Athletics Rhythmic Gymnastics Futsal Archery Championships
"/m/019ww6"	"harness racing"	Harness Racing Museum &amp; Hall of Fame
"/m/019x4f"	"carpenter"	Carpenter bee
"/m/019xd"	"battleship"	German battleship Bismarck
"/m/019xdq"	"sourdough"	Sourdough
"/m/019yc"	"battlecruiser"	Battlecruiser 3000AD
"/m/019zgx"	"volkswagen scirocco"	Je Design
"/m/01_097"	"airmail"	Royal Mail
"/m/01_12b"	"granny smith"	Granny Smith
"/m/01_2_2"	"northrop t-38 talon"	Northrop T-38 Talon
"/m/01_2jf"	"nettle family"	Urticaceae
"/m/01_3j6"	"pumpkin pie"	Pumpkin pie
"/m/01_545"	"jambalaya"	Jambalaya
"/m/01_5hj"	"travel trailer"	Tempe
"/m/01_5q8"	"great grey owl"	Great grey owl
"/m/01_5wc"	"clog"	Clog
"/m/01_6hg"	"delicatessen"	Delicatessen
"/m/01_6mc"	"brambling"	Brambling
"/m/01_78k"	"lockheed t-33"	Lockheed T-33
"/m/01_7l"	"caffeine"	Caffeine
"/m/01_7r6"	"prescription drug"	Rush Limbaugh
"/m/01_83h"	"north american f-86 sabre"	North American F-86 Sabre
"/m/01_8f5"	"churro"	Churro
"/m/01_90z"	"butterfly stroke"	Butterfly Stroke
"/m/01_9v"	"caesar salad"	Caesar salad
"/m/01__ps"	"breaststroke"	Kyoko Iwasaki
"/m/01__sk"	"brickwork"	Brickwork
"/m/01__t"	"canadian football"	Canadian Football Hall of Fame
"/m/01_bhs"	"fast food"	Fast food
"/m/01_cf6"	"harvester"	Harvester
"/m/01_g9d"	"turducken"	Turducken
"/m/01_gx_"	"yorkshire terrier"	Yorkshire Terrier
"/m/01_hct"	"triumphal arch"	Triumphal Arch of Orange
"/m/01_l5p"	"caber toss"	Pamyua
"/m/01_m7"	"column"	Trajan's Column
"/m/01_p8q"	"rescue"	Operation Entebbe
"/m/01_pxf"	"honda civic"	Honda Motor Company
"/m/01_qfw"	"ford maverick"	Ford Maverick straight six 1969-71 autobook
"/m/01_r_"	"cheddar cheese"	Cheddar cheese
"/m/01_sst"	"douglas c-47 skytrain"	Douglas C-47 Skytrain
"/m/01_tv0"	"honda accord"	Honda Accord
"/m/01_v7j"	"identity document"	Fred 04
"/m/01_x9"	"campus"	University of Minnesota
"/m/01_xmf"	"triumph stag"	Triumph Stag
"/m/01_xnk"	"triumph tr6"	Triumph TR6 Workshop Manual
"/m/01_xs"	"crossbow"	Operation Crossbow
"/m/01_zvr"	"latin dance"	Latin Dance
"/m/01b2q6"	"sunrise"	Sunrise
"/m/01b2w5"	"sunset"	Sunset Boulevard
"/m/01b30l"	"organist"	Notre Dame de Paris
"/m/01b3kg"	"dawn"	Dawn
"/m/01b3l7"	"dusk"	Crepuscular
"/m/01b4k8"	"mandarin orange"	Mandarin orange
"/m/01b4q9"	"social group"	Social animal
"/m/01b57x"	"trampolining"	Trampolining
"/m/01b5dy"	"jade"	Paige
"/m/01b5r_"	"women's football"	Australia women's national soccer team
"/m/01b5w1"	"machine tool"	Lewis Machine and Tool Company
"/m/01b638"	"boot"	Henry Boot plc
"/m/01b6qt"	"pantyhose"	Pantyhose Hero
"/m/01b7b"	"bishop"	Billy Bishop
"/m/01b7b1"	"kitesurfing"	Kitesurfing Sounds
"/m/01b7fy"	"headphones"	Beats Electronics
"/m/01b7zv"	"pudding"	Pudding
"/m/01b92"	"bone"	Annaba
"/m/01b958"	"scaffolding"	Scaffolding language, scaffolding learning
"/m/01b9_9"	"wireless access point"	AireSpace, Inc
"/m/01b9n4"	"torii"	Torii Hunter
"/m/01b9xk"	"hot dog"	Hot dog
"/m/01b_cr"	"paisley"	Paisley
"/m/01b_l2"	"cardigan"	Cardigan
"/m/01b_xd"	"bumblebee"	Bumblebee
"/m/01bb9b"	"motorcycle helmet"	Pink MotorCycle Helmet
"/m/01bdg"	"bouldering"	Bay Area bouldering
"/m/01bdy"	"bowling"	Bowling Green State University
"/m/01bfm9"	"shorts"	The Simpsons shorts
"/m/01bfwv"	"mixing console"	Harrison Audio Consoles
"/m/01bg5t"	"purple coneflower"	Purple coneflower
"/m/01bgsw"	"toddler"	Creed
"/m/01bjv"	"bus"	Greyhound Lines
"/m/01bjxj"	"edible mushroom"	Edible mushroom
"/m/01bjxx"	"camera lens"	Camera Lens
"/m/01bl2r"	"oyakodon"	Oyakodon
"/m/01bl7v"	"boy"	Boy Scouts of America
"/m/01blkn"	"bullfighting"	Bullfighting
"/m/01bmhj"	"thumb"	The Thumb
"/m/01bnqx"	"absolut vodka"	Lakka
"/m/01bns_"	"zither"	Guitar zither
"/m/01bp4g"	"fines herbes"	Fines herbes
"/m/01bq4"	"boeing 767"	Boeing 767
"/m/01bq8v"	"troop"	War in Afghanistan
"/m/01bqgn"	"bicycle frame"	Keith Bontrager
"/m/01bqk0"	"bicycle wheel"	Bicycle Wheel
"/m/01bqvp"	"sky"	Sky UK
"/m/01bqwh"	"mist"	The Mist
"/m/01brf"	"bronze"	Bronze Age
"/m/01bsxb"	"collage"	Collage
"/m/01btn"	"barge"	Will
"/m/01btr0"	"eurasian magpie"	Eurasian Magpie
"/m/01bvgh"	"catamaran"	Catamaran Corporation
"/m/01bvtk"	"crocodilia"	Crocodiles
"/m/01bvx"	"battle"	Battle of Passchendaele
"/m/01bw2t"	"lamborghini murciã©lago"	
"/m/01bwb9"	"house sparrow"	House Sparrow
"/m/01bwr"	"botany"	Botany Bay
"/m/01bx0g"	"lamborghini diablo"	Lamborghini Diablo
"/m/01bz6q"	"urtica"	Nettles
"/m/01bzmc"	"meatball"	Meatball
"/m/01c09k"	"stock dove"	Stock dove
"/m/01c0z"	"battery"	Battery Park
"/m/01c1t2"	"canyoning"	Canyoning in Southern Europe
"/m/01c2vn"	"elderberry"	Elderberry
"/m/01c34b"	"flooring"	Polyvinyl chloride
"/m/01c35v"	"general practitioner"	General Practitioner
"/m/01c3xv"	"heavy cruiser"	Japanese cruiser Mikuma
"/m/01c43w"	"crane"	Scarecrow
"/m/01c46"	"boeing b-52 stratofortress"	Boeing B-52 Stratofortress
"/m/01c4kr"	"crane-like bird"	
"/m/01c4r0"	"canning"	Charles Canning, 1st Earl Canning
"/m/01c4rd"	"beak"	Beak
"/m/01c53d"	"gerbil"	Gerbil
"/m/01c53w"	"chinchilla"	Chinchilla
"/m/01c5nc"	"waldorf salad"	Waldorf salad
"/m/01c648"	"laptop"	One Laptop per Child
"/m/01c6nk"	"warlord"	Warlord
"/m/01c6xf"	"drinking water"	Drinking water
"/m/01c6yl"	"spire"	Spire of Dublin
"/m/01c72"	"north american b-25 mitchell"	North American B-25 Mitchell
"/m/01c778"	"slum"	Slum Village
"/m/01c791"	"freezing"	Freezing
"/m/01c7cq"	"grassland"	Grasses
"/m/01c7d3"	"savanna"	Savanna
"/m/01c8br"	"street"	Coronation Street
"/m/01c_0l"	"ducks, geese and swans"	Anatidae
"/m/01c_9j"	"quarry"	Quarry
"/m/01cbb3"	"beet"	Beetroot
"/m/01cbzq"	"rock"	Dwayne Johnson
"/m/01cch6"	"potato salad"	Potato salad
"/m/01cct5"	"snipe"	Snipe
"/m/01cd9"	"brand"	Apple Inc.
"/m/01cgz"	"boxing"	2004 Indian Ocean earthquake and tsunami
"/m/01chy"	"bowls"	Burrito
"/m/01cjsf"	"kite"	Kite
"/m/01ck7x"	"common pet parakeet"	Budgerigar
"/m/01ckgp"	"interaction"	Interaction
"/m/01cmb2"	"miniskirt"	Miniskirt
"/m/01cmcs"	"hatchback"	MINI
"/m/01cmft"	"spotting scope"	Vortex Optics
"/m/01cmm2"	"monocular"	Monocular
"/m/01cppc"	"bird migration"	Bird migration
"/m/01cqy9"	"clams, oysters, mussels and scallops"	Pacific geoduck
"/m/01crps"	"satay"	Satay
"/m/01cs49"	"cottage pie"	Cottage pie
"/m/01csdn"	"smã¶rgã¥sbord"	
"/m/01ctry"	"atmosphere of earth"	Fauna
"/m/01ctsf"	"atmosphere"	Sun
"/m/01cv4r"	"temperate coniferous forest"	Eighteen-spotted ladybird
"/m/01cv98"	"temperate broadleaf and mixed forest"	Eastern Anatolian deciduous forests
"/m/01cwd"	"bocce"	Bocce
"/m/01cx_v"	"chesapeake bay retriever"	Chesapeake Bay Retriever
"/m/01cxh7"	"transporter bridge"	Transporter bridge
"/m/01cytr"	"kia motors"	Kia Motors
"/m/01cz1z"	"cloudberry"	Rubus chamaemorus
"/m/01cz4w"	"bilberry"	Bilberry
"/m/01czv3"	"fortification"	Barbican
"/m/01d0z1"	"shorebird"	Wader
"/m/01d146"	"lockheed ep-3"	Lockheed EP-3
"/m/01d2_z"	"wind turbine"	Cijin Wind Turbine Park
"/m/01d30f"	"teacher"	English language
"/m/01d380"	"drill"	Drill
"/m/01d3bp"	"sandpiper"	Sandpiper
"/m/01d3ry"	"tortilla de patatas"	Spanish omelette
"/m/01d40f"	"dress"	The dress
"/m/01d4b2"	"jack-o'-lantern"	Omphalotus olearius
"/m/01d64p"	"accipitriformes"	Accipitriformes
"/m/01d74z"	"night"	WWE Raw
"/m/01d7fl"	"jack russell terrier"	Jack Russell Terrier
"/m/01d7mc"	"black and tan coonhound"	Black and Tan Coonhound
"/m/01d7ng"	"pelecaniformes"	Pelecaniformes
"/m/01d7qq"	"coonhound"	Coonhound
"/m/01d7rt"	"differential"	Growth medium
"/m/01d8ql"	"rallidae"	Rallidae
"/m/01d9ll"	"astronomical object"	90377 Sedna
"/m/01d9xk"	"honeysuckle family"	Caprifoliaceae
"/m/01d_ff"	"toe"	toe
"/m/01d_tk"	"emberizidae"	Emberizidae
"/m/01dd1s"	"acrobatics"	Acrobatics
"/m/01ddb4"	"brazilian jiu-jitsu"	Brazilian Jiu-Jitsu: Theory and Technique
"/m/01ddm"	"bodybuilding"	Arnold Schwarzenegger
"/m/01dfh8"	"nuclear power plant"	Chernobyl disaster
"/m/01dgwv"	"true bugs"	True bugs
"/m/01dgzv"	"spiral galaxy"	Milky Way
"/m/01dhjg"	"ten-pin bowling"	Ten Pin Bowling
"/m/01dj7"	"beagle"	Beagle
"/m/01djxm"	"meerkat"	Meerkat
"/m/01dk8s"	"powdered sugar"	Powdered sugar
"/m/01dk9h"	"habanero chili"	Habanero
"/m/01dl3j"	"banknote"	Banknote Museum
"/m/01dl9r"	"cormorant"	Cormorant
"/m/01dp1q"	"armored cruiser"	Battleship Potemkin
"/m/01dq4q"	"coraciiformes"	Coraciiformes
"/m/01dqkc"	"pest"	Budapest
"/m/01drpv"	"ananas"	Pineapples
"/m/01dts_"	"laotian cuisine"	Or lam
"/m/01dttb"	"glutinous rice"	Glutinous rice
"/m/01dv4h"	"portrait"	National Portrait Gallery, London
"/m/01dv7j"	"schipperke"	Schipperke
"/m/01dvt"	"northrop grumman b-2 spirit"	Northrop Grumman B-2 Spirit
"/m/01dw5z"	"swallow"	Barn swallow
"/m/01dw9"	"beaver"	Beaver
"/m/01dws"	"bear"	Bear
"/m/01dwsz"	"waffle"	Waffle
"/m/01dwwc"	"pancake"	Pancake
"/m/01dwxx"	"gull"	Gulls
"/m/01dx8"	"bald eagle"	Bald eagle
"/m/01dxs"	"brown bear"	Brown bear
"/m/01dy62"	"phasianidae"	Phasianidae
"/m/01dy8n"	"woodpecker"	Woodpecker
"/m/01dys"	"biathlon"	Laura Biathlon &amp; Ski Complex
"/m/01f0yy"	"mechanical puzzle"	Mechanical Puzzle
"/m/01f0zq"	"mongoose"	Mongoose
"/m/01f116"	"crypt"	Imperial Crypt
"/m/01f235"	"baguazhang"	Fu Style Baguazhang
"/m/01f2hr"	"stunt"	Petra Stunt
"/m/01f2sl"	"power station"	Sellafield
"/m/01f415"	"flame"	Flame of Recca
"/m/01f43"	"beauty"	Beauty and the Beast
"/m/01f4cc"	"manicure"	Manicure
"/m/01f4td"	"rural area"	Rural Area
"/m/01f57_"	"chinese crested dog"	Chinese Crested Dog
"/m/01f5gx"	"eating"	Russia
"/m/01f5pq"	"memory card"	Team Saxo-Tinkoff
"/m/01f6l"	"bandy"	Moe Bandy
"/m/01f6pd"	"american crow"	American crow
"/m/01f79n"	"quiche"	Quiche
"/m/01f83d"	"primula"	Primrose
"/m/01f849"	"jay"	Jay Z
"/m/01f8m5"	"blue jay"	Blue jay
"/m/01f91_"	"pretzel"	Pretzel
"/m/01f_5"	"ball pen"	Ball Pen
"/m/01f_rk"	"fly fishing"	American Museum of Fly Fishing
"/m/01fb_0"	"bagel"	Bagel
"/m/01fd1t"	"cottage cheese"	Cottage cheese
"/m/01fdzj"	"tower"	Tower of London
"/m/01fgs3"	"boerboel"	Boerboel
"/m/01fh07"	"macropodidae"	Macropodidae
"/m/01fh4r"	"teapot"	Sagittarius
"/m/01fklc"	"pink"	P!nk
"/m/01fm7c"	"supersonic transport"	Boeing 2707
"/m/01fmbp"	"seaduck"	Merginae
"/m/01fnck"	"waste"	Manor
"/m/01fnns"	"vegetation"	Plant
"/m/01fpbm"	"daisy"	Daisy family
"/m/01fpmd"	"tugboat"	Theodore Tugboat
"/m/01fqc_"	"baby bottle"	Baby Bottle
"/m/01frpd"	"northrop grumman"	Northrop Grumman
"/m/01frs7"	"green jay"	Green jay
"/m/01fs6v"	"borscht"	Borscht
"/m/01fsn2"	"minesweeper"	Minesweeper
"/m/01ft5b"	"kindergarten"	Kindergarten Cop
"/m/01fw9"	"bongo"	Omar Bongo
"/m/01fwrm"	"confirmation"	Confirmation
"/m/01fy1x"	"ophrys"	Ophrys
"/m/01fyrh"	"downhill"	Downhill
"/m/01fzz2"	"pony"	Pony Canyon
"/m/01fzzx"	"procyon"	Raccoon
"/m/01g0g"	"brick"	The Brick
"/m/01g0wd"	"power supply"	Anamanaguchi
"/m/01g1rg"	"electronic engineering"	Institute of Electrical and Electronics Engineers
"/m/01g2v7"	"junk"	Junk
"/m/01g2vp"	"rapeseed"	Rapeseed
"/m/01g317"	"person"	Person of Interest
"/m/01g3ny"	"chickadee"	Chickadee
"/m/01g3x7"	"bow and arrow"	Attack on Titan
"/m/01g47w"	"oil field"	Spindletop
"/m/01g4lv"	"bittern"	Eurasian bittern
"/m/01g4rl"	"buzzard"	Common buzzard
"/m/01g50p"	"railroad car"	Pullman Company
"/m/01g5ch"	"oystercatcher"	Oystercatcher
"/m/01g5v"	"blue"	Blue Cross Blue Shield Association
"/m/01g6gs"	"black-and-white"	Academy Award for Best Cinematography
"/m/01g7bc"	"stilt"	Black-winged Stilt
"/m/01g7qz"	"sturgeon"	Sturgeon
"/m/01g81"	"blizzard"	Blizzard Entertainment
"/m/01g8j"	"bikini"	Bikini Atoll
"/m/01gb24"	"bearing"	gold
"/m/01gcvq"	"stalagmite"	Stalagmite
"/m/01gd91"	"pasture"	Legume
"/m/01gg0y"	"windsurfing"	Bryony Shaw
"/m/01gj4c"	"pint (us)"	Canada's Worst Handyman 5
"/m/01gjrs"	"gannet"	Fairey Gannet
"/m/01gjs6"	"booby"	Booby
"/m/01gkx_"	"swimwear"	Catalina Swimwear
"/m/01gl3t"	"roller"	Roller
"/m/01gl50"	"angling"	Angling Trust
"/m/01gl_m"	"mannequin"	Mannequin
"/m/01gllr"	"beehive"	Utah
"/m/01gm6"	"bison"	American bison
"/m/01gmp9"	"trail mix"	Trail mix
"/m/01gmv2"	"brassiere"	La Brassiere
"/m/01gq53"	"performance"	Emmy Award
"/m/01gqfm"	"beach volleyball"	Association of Volleyball Professionals
"/m/01gs6f"	"city council"	Valencia
"/m/01gt7"	"boeing 747"	Boeing 747
"/m/01gwc2"	"swordfish"	Fairey Swordfish
"/m/01gx4y"	"photocopier"	Photocopier
"/m/01gxnj"	"bratwurst"	Bratwurst
"/m/01gxrk"	"boombox"	AOL
"/m/01gxtf"	"old world flycatcher"	Old World flycatcher
"/m/01h1dd"	"publication"	Jewish Publication Society
"/m/01h358"	"stage combat"	Stage combat
"/m/01h3n"	"bee"	Bee
"/m/01h44"	"bat"	Bat
"/m/01h4v9"	"hornet"	McDonnell Douglas F/A-18 Hornet
"/m/01h5q0"	"indian cuisine"	Halil Sezai
"/m/01h5wg"	"rose hip"	Rose hip
"/m/01h5yp"	"hibiscus"	Hibiscus
"/m/01h6cb"	"meeting"	Tabernacle
"/m/01h6d4"	"camping"	Camping World
"/m/01h6rj"	"military"	United States Armed Forces
"/m/01h7_d"	"pontiac gto"	Pontiac GTO restoration guide, 1964-1972
"/m/01h7tx"	"roller skating"	Fillmore Auditorium
"/m/01h80k"	"muscle car"	American Muscle Car
"/m/01h8n0"	"conversation"	The Conversation
"/m/01h8tj"	"starfish"	Starfish
"/m/01h_1n"	"playground"	Digital Playground
"/m/01h_rs"	"hostel"	Hostel
"/m/01h_wz"	"black footed ferret"	Black-footed ferret
"/m/01hbsc"	"veterinarian"	University of Guelph
"/m/01hcpd"	"crumble"	Crumble
"/m/01hcps"	"lamb and mutton"	Lamb and mutton
"/m/01hf_2"	"ape"	Ape
"/m/01hffk"	"carriage"	Metro Cammell
"/m/01hfkv"	"alto horn"	Eb Alto Horn
"/m/01hh79"	"landing"	Apollo program
"/m/01hhc2"	"motorcycle speedway"	Poland national speedway team
"/m/01hhp3"	"yak"	Yak
"/m/01hj56"	"rings"	The Lord of the Rings
"/m/01hjj1"	"mallard"	Mallard
"/m/01hk87"	"braid"	Braid
"/m/01hklv"	"smoked salmon"	Lox
"/m/01hl50"	"uneven bars"	He Kexin
"/m/01hlgf"	"beluga whale"	Beluga whale
"/m/01hmml"	"mausoleum"	Mausoleum at Halicarnassus
"/m/01hn_d"	"sour cream"	Sour cream
"/m/01hnnm"	"navel"	Orange
"/m/01hp22"	"artistic gymnastics"	Hrihoriy Misyutin
"/m/01hq29"	"humpback whale"	Humpback whale
"/m/01hr1w"	"guided missile destroyer"	Iranian frigate Jamaran
"/m/01hrk6"	"arena football"	Arena Football
"/m/01hrkn"	"compote"	Compote
"/m/01hrv5"	"popcorn"	Popcorn
"/m/01hrwt"	"dhow"	Dhow
"/m/01hs5p"	"milkfish"	Milkfish
"/m/01hsr7"	"ditch"	Neil Young
"/m/01ht1r"	"medieval architecture"	Russian Revival architecture
"/m/01hxbg"	"tiger shark"	Tiger shark
"/m/01hxnh"	"bullmastiff"	Bullmastiff
"/m/01hxrs"	"amphibious transport dock"	HNLMS Rotterdam
"/m/01hxyd"	"local food"	Rojak
"/m/01hyhj"	"tachometer"	Tachometer
"/m/01hzb8"	"great pyrenees"	Great Pyrenees
"/m/01hzl4"	"wig"	Madea
"/m/01j03x"	"herbaceous plant"	Herb
"/m/01j04m"	"thigh"	Poultry
"/m/01j0g"	"borzoi"	Borzoi
"/m/01j0r5"	"praline"	Praline
"/m/01j0ry"	"traffic congestion"	Traffic congestion goes through the issue-machine
"/m/01j0x"	"basenji"	Basenji
"/m/01j0xm"	"world rally championship"	2016 World Rally Championship
"/m/01j25p"	"chevrolet camaro"	Chevrolet Camaro : Wild Ride
"/m/01j2bj"	"bathroom"	Saw
"/m/01j33z"	"viverridae"	Viverridae
"/m/01j34x"	"box lacrosse"	1987 Eagle Pro Box Lacrosse League season
"/m/01j3br"	"medical imaging"	Elbit Imaging
"/m/01j3ck"	"chapati"	Chapati
"/m/01j3sz"	"laughter"	Laughter
"/m/01j3zr"	"burrito"	Burrito
"/m/01j423"	"yawn"	Hippo's Yawn
"/m/01j45r"	"lorikeet"	Rainbow lorikeet
"/m/01j4yx"	"dragon boat"	Phitsanulok
"/m/01j4z9"	"chainsaw"	The Texas Chainsaw Massacre
"/m/01j51"	"balloon"	Balloon Fight
"/m/01j61q"	"tent"	Tabernacle
"/m/01j692"	"sardine"	Sardine
"/m/01j6f0"	"skyway"	Skyway
"/m/01j75r"	"goulash"	Goulash
"/m/01j9jk"	"piggy bank"	The Great Piggy Bank Robbery
"/m/01j_h3"	"subaru"	Subaru
"/m/01j_qp"	"requiem shark"	Requiem shark
"/m/01j_sh"	"focke-wulf fw 190"	Focke-Wulf Fw 190
"/m/01jb4"	"biome"	Mangrove
"/m/01jby8"	"ac cobra"	Carroll Shelby International
"/m/01jc75"	"root vegetable"	Root vegetable
"/m/01jddz"	"concert"	Gag Concert
"/m/01jf71"	"arcade"	Penny Arcade
"/m/01jfkf"	"forklift truck"	Forklift Truck Simulator 2009
"/m/01jfm_"	"vehicle registration plate"	Sommerhausen
"/m/01jfq1"	"feijoa"	Feijoa
"/m/01jfsr"	"lantern"	Green Lantern
"/m/01jgnh"	"heron"	Heron
"/m/01jhl9"	"white stork"	White stork
"/m/01jk5b"	"prom"	The Proms
"/m/01jk_4"	"chimney"	Chimney swift
"/m/01jkjp"	"piciformes"	Piciformes
"/m/01jl55"	"great egret"	Great egret
"/m/01jm2n"	"walkway"	Skyway
"/m/01jnfv"	"viaduct"	Millau Viaduct
"/m/01jnvt"	"badlands"	Badlands National Park
"/m/01jnzj"	"construction"	Seabee
"/m/01jp76"	"parking"	The Pentagon
"/m/01jpn4"	"grocery store"	Ralphs
"/m/01jr50"	"convair f-102 delta dagger"	Convair F-102 Delta Dagger
"/m/01jr9x"	"shaolin kung fu"	Shaolin Kung Fu Mystagogue
"/m/01js0w"	"sound box"	Swiss Sound Box
"/m/01jsqj"	"macaque"	Macaque
"/m/01jtn"	"body piercing"	Body Piercing
"/m/01jvw5"	"goat-antelope"	Caprinae
"/m/01jw00"	"warthog"	Phacochoerus
"/m/01jw_1"	"bus stop"	Greyhound Lines
"/m/01jwgf"	"product"	Square Enix
"/m/01jy1_"	"tangerine"	Tangerine
"/m/01jypq"	"reef"	Great Barrier Reef
"/m/01jyr1"	"islet"	Fiji
"/m/01jzlw"	"carcharhiniformes"	Carcharhiniformes
"/m/01k050"	"cow-goat family"	
"/m/01k0mc"	"colubridae"	Colubridae
"/m/01k0mv"	"road surface"	Road Surface
"/m/01k17j"	"milkshake"	Milkshake
"/m/01k1y7"	"kingsnake"	Kingsnakes
"/m/01k2n4"	"lama"	14th Dalai Lama
"/m/01k3q1"	"junkers"	Junkers
"/m/01k3tq"	"bulldog"	Bulldog
"/m/01k5yg"	"robe"	The Robe
"/m/01k695"	"fisherman"	Fish
"/m/01k74n"	"facial expression"	Darwin and Facial Expression
"/m/01k9j2"	"mexican hairless dog"	Mexican Hairless Dog
"/m/01k9lj"	"jaw"	Moose Jaw
"/m/01k9qz"	"network interface controller"	QLogic
"/m/01kb5b"	"flashlight"	Flashlight
"/m/01kbqk"	"calidrid"	Calidrid
"/m/01kbw8"	"dinghy sailing"	Championship dinghy sailing
"/m/01kc36"	"dassault rafale"	Dassault Rafale
"/m/01kcd"	"brass instrument"	Ed. Kruspe
"/m/01kcnl"	"birthday"	Mawlid
"/m/01kf5_"	"coq au vin"	Coq au vin
"/m/01kf7f"	"ratatouille"	Ratatouille
"/m/01kfp5"	"skewer"	Souvlaki
"/m/01kgp6"	"winter storm"	Operation Winter Storm
"/m/01kh2"	"rockwell b-1 lancer"	Rockwell B-1 Lancer
"/m/01klb9"	"plaza"	Plaza Hotel &amp; Casino
"/m/01knjb"	"billboard"	Billboard Music Awards
"/m/01knvc"	"monarch butterfly"	Monarch butterfly
"/m/01kpg0"	"bluebird"	Nissan
"/m/01kq3f"	"blue-collar worker"	The Blue Collar Worker and the Hairdresser in a Whirl of Sex and Politics
"/m/01kq3x"	"white-collar worker"	White Collar Worker
"/m/01kqls"	"mallow family"	Mallows
"/m/01kqwh"	"proteales"	Proteales
"/m/01kqwy"	"business jet"	Business jet
"/m/01kr41"	"mask"	The Mask
"/m/01kr58"	"matador"	MGM-1 Matador
"/m/01kr8f"	"illustration"	Illustration
"/m/01krhy"	"tiara"	Tiara
"/m/01krjr"	"pendant"	Pennant number
"/m/01krpv"	"pink family"	Caryophyllaceae
"/m/01krqs"	"amaranth family"	Amaranthaceae
"/m/01ksq5"	"welsh corgi"	Welsh Corgi
"/m/01kt56"	"picnic"	Electric Picnic
"/m/01kv7h"	"midnight"	Wangan Midnight
"/m/01kv93"	"staffordshire bull terrier"	Staffordshire Bull Terrier
"/m/01kw8y"	"oar"	Tommy Oar
"/m/01kwx"	"boeing b-17 flying fortress"	Boeing B-17 Flying Fortress
"/m/01kwyz"	"branched asphodel"	
"/m/01kxh7"	"ebony trees and persimmons"	Persimmons
"/m/01kyr8"	"darkness"	To Love-Ru
"/m/01kz1l"	"tapir"	Tapir
"/m/01l00t"	"wreath"	Petria's Wreath
"/m/01l0mw"	"home"	HBO
"/m/01l0y0"	"material"	Madonna
"/m/01l0zd"	"skeet shooting"	Field &amp; stream/1971: trap and skeet shooting
"/m/01l256"	"slug"	Slug
"/m/01l3zn"	"mazda rx-7"	Allan Moffat
"/m/01l56l"	"landform"	Saddle
"/m/01l5h4"	"souvlaki"	Souvlaki
"/m/01l5t6"	"librarian"	Vatican Library
"/m/01l6kn"	"geraniales"	Geraniales
"/m/01l6ls"	"geraniaceae"	Geraniaceae
"/m/01l7qd"	"whiskers"	Brandy &amp; Mr. Whiskers
"/m/01l7t2"	"downtown"	Downtown Los Angeles
"/m/01l7wg"	"chalice"	Chalice
"/m/01l849"	"gold"	gold
"/m/01l8p"	"bentley"	Bentley
"/m/01l97f"	"pulpit"	Jack-in-the-pulpit
"/m/01l99n"	"sliced bread"	Sliced bread
"/m/01l__m"	"scow"	Niagara Scow
"/m/01l_j4"	"mazda rx-8"	Autozam
"/m/01l_mq"	"throne"	Spain
"/m/01lb5"	"chess"	Chess
"/m/01lb8j"	"ironclad warship"	Russian monitor Rusalka
"/m/01lbst"	"baker"	James Baker
"/m/01lbxg"	"nut"	Nut
"/m/01lcw4"	"limousine"	Lincoln Motor Company
"/m/01lcwm"	"luxury vehicle"	Rupert Stadler
"/m/01lgkm"	"recreational vehicle"	RV
"/m/01lh5x"	"saab 900"	Saab 900, 1979-1988
"/m/01lh8n"	"wheelbarrow"	Peasant with a Wheelbarrow
"/m/01ll1r"	"briefs"	The Briefs
"/m/01llgk"	"boxer"	Boxer Rebellion
"/m/01llwg"	"necklace"	Emerald Necklace
"/m/01llx7"	"bracelet"	Garnet Bracelet
"/m/01ln6f"	"washing"	Sodium carbonate
"/m/01lnt7"	"wallpaper"	The Yellow Wallpaper
"/m/01lp7f"	"motocross"	2016 FIM Motocross World Championship
"/m/01lq3"	"casino"	Bellagio
"/m/01lqfm"	"public space"	Public space
"/m/01lrl"	"carnivoran"	Carnivora
"/m/01lrnl"	"windshield"	Windshield
"/m/01ls_1"	"hydrangeaceae"	Hydrangeaceae
"/m/01lsc5"	"answering machine"	Clerks
"/m/01lsmm"	"scissors"	Pumpkin Scissors
"/m/01lt48"	"meadowsweet"	Meadowsweet
"/m/01lvx"	"cartilaginous fish"	Chondrichthyes
"/m/01lwf0"	"alley"	Kirstie Alley
"/m/01lxd"	"coast"	West Coast of the United States
"/m/01lynh"	"stairs"	Matt Stairs
"/m/01lzzr"	"sambal"	Sambal
"/m/01m0lg"	"human positions"	PJ Ladd
"/m/01m0p1"	"cardinal"	Cardinal Richelieu
"/m/01m2v"	"computer keyboard"	Thermaltake
"/m/01m3b"	"constellation"	Lockheed Constellation
"/m/01m3tw"	"animal shelter"	American Society for the Prevention of Cruelty to Animals
"/m/01m42v"	"triple sec"	Triple sec
"/m/01m4t"	"printer"	MakerBot
"/m/01m9s"	"computer data storage"	ADATA
"/m/01m_5v"	"tango"	Last Tango in Paris
"/m/01m_hf"	"line dance"	Line Dance 2000
"/m/01mfj"	"computer hardware"	Code: The Hidden Language of Computer Hardware and Software
"/m/01mppm"	"mergus"	Mergus
"/m/01mpx6"	"snapdragon"	Snapdragons
"/m/01mqdt"	"traffic sign"	European route E50
"/m/01mr6j"	"cookware and bakeware"	Le Creuset
"/m/01mrgs"	"craft"	Special warfare combatant-craft crewmen
"/m/01ms7j"	"crankset"	Sugino
"/m/01mt0b"	"lime"	Lindens
"/m/01mtb"	"cooking"	Cooking oil
"/m/01mtt"	"card game"	Naruto
"/m/01mtwq"	"inline speed skating"	Bart Swings
"/m/01mv9"	"cross-stitch"	Outlander
"/m/01mvkt"	"burmese"	Myanmar
"/m/01mw2x"	"health care"	Cuba
"/m/01mwkf"	"monochrome"	Monochrome Factor
"/m/01mwy7"	"container ship"	Container terminal
"/m/01mxf"	"concrete"	Arch bridge
"/m/01mytk"	"international student"	International Student Exchange Programs
"/m/01mzpv"	"chair"	Academia Brasileira de Letras
"/m/01mzw"	"calendar"	ITV News Calendar
"/m/01n2x4"	"tuna salad"	Tuna salad
"/m/01n32"	"city"	New York City
"/m/01n3l"	"chervil"	Chervil
"/m/01n3nh"	"sangria"	Sangria
"/m/01n3yx"	"warship"	Warship
"/m/01n40"	"chives"	chives
"/m/01n4qj"	"shirt"	Blackshirts
"/m/01n5_8"	"hard hat"	Hard Hat Area
"/m/01n5cy"	"carpet"	Tennis court
"/m/01n5jq"	"poster"	Barack Obama "Hope" poster
"/m/01n6dx"	"broad bean"	Broad bean
"/m/01n6fd"	"shed"	Tanglewood
"/m/01n7zy"	"stonecrop family"	Crassulaceae
"/m/01n8m6"	"salt marsh"	Lamb and mutton
"/m/01n_1n"	"green heron"	Green heron
"/m/01n_n6"	"citroã«n c3"	
"/m/01n_q1"	"peugeot 106"	Peugeot 106 Service and Repair Manual
"/m/01n_qj"	"peugeot 406"	Taxi 4
"/m/01nblt"	"apartment"	The Dakota
"/m/01ncmt"	"thermostat"	Nest Labs
"/m/01nd_n"	"protest"	Bob Dylan
"/m/01ndff"	"chariot racing"	Heracles Chariot Racing
"/m/01nfrr"	"vending machine"	Hero of Alexandria
"/m/01ng1x"	"milling"	Flour
"/m/01ng33"	"shaper"	Shaper of Worlds
"/m/01ng72"	"metalworking"	ISCAR Metalworking
"/m/01ngnz"	"citroã«n ds"	
"/m/01ngsj"	"daylily"	Daylily
"/m/01nh_c"	"flying boat"	Consolidated PBY Catalina
"/m/01nhb2"	"castilleja"	Indian paintbrush
"/m/01njgz"	"gharial"	Gharial
"/m/01njq7"	"alligator"	Alligator
"/m/01njv7"	"redshank"	Common Redshank
"/m/01nkt"	"cheese"	Cheese
"/m/01nl4x"	"fire extinguisher"	carbon dioxide
"/m/01nlnm"	"oregon grape"	Oregon Grape
"/m/01nmp6"	"ocelot"	ocelot
"/m/01nmyj"	"fuchsia"	Fuchsia
"/m/01npvx"	"chow mein"	Chow mein
"/m/01nq26"	"sock"	Jack Sock
"/m/01nq_x"	"wild cat"	wildcat
"/m/01nr56"	"latte"	Latte
"/m/01nrdl"	"stencil"	Stencil House
"/m/01ntt3"	"red hair"	Snow White with the Red Hair
"/m/01ntw3"	"human hair color"	Tyler Cymet
"/m/01nv7n"	"touchdown"	Digimon Adventure 02
"/m/01nvr_"	"bulletin board"	Bulletin Board
"/m/01nw62"	"rottweiler"	Rottweiler
"/m/01nxfc"	"mangaka"	The Comic Artist and His Assistants
"/m/01nz0l"	"tavern"	Springfield
"/m/01nz0z"	"bar"	Shoal
"/m/01nzyt"	"shipwreck"	Shipwreck
"/m/01p01n"	"sled dog"	Canadian Eskimo Dog
"/m/01p1pl"	"henna"	Henna
"/m/01p2_y"	"serbian tricolour hound"	Serbian Tricolour Hound
"/m/01p2dp"	"affenpinscher"	Affenpinscher
"/m/01p2fz"	"embraer erj 145 family"	Embraer ERJ 145 family
"/m/01p2lr"	"american cocker spaniel"	American Cocker Spaniel
"/m/01p2t7"	"stack"	Marshall Amplification
"/m/01p33b"	"mudi"	Mudi
"/m/01p37y"	"videoconferencing"	Videoconferencing
"/m/01p39m"	"american water spaniel"	American Water Spaniel
"/m/01p3d7"	"alaskan malamute"	Alaskan Malamute
"/m/01p3xl"	"metro station"	Shivaji Stadium metro station
"/m/01p468"	"cove"	Cove
"/m/01p4kv"	"gunboat"	Gunboat War
"/m/01p58g"	"english billiards"	Mike Russell
"/m/01p5_1"	"instant camera"	Instant Camera
"/m/01p5_g"	"pin-up girl"	Pin Up Girl
"/m/01p5qz"	"cypripedium"	Cypripedium
"/m/01p5rd"	"bernese mountain dog"	Bernese Mountain Dog
"/m/01p642"	"sled dog racing"	Sled Dog Racing
"/m/01p71t"	"aquifoliales"	Aquifoliales
"/m/01p7_y"	"ikebana"	IKEBANA
"/m/01p7j8"	"freediving"	Herbert Nitsch
"/m/01p85j"	"barbet"	Barbet
"/m/01p89l"	"sarplaninac"	Sarplaninac
"/m/01p8gf"	"beer pong"	Road Trip: Beer Pong
"/m/01p8tm"	"flat-coated retriever"	Flat-Coated Retriever
"/m/01p900"	"beauceron"	Beauceron
"/m/01p970"	"tabla"	Tabla Nani
"/m/01p_bk"	"marabou stork"	Marabou stork
"/m/01p_tx"	"degu"	Degu
"/m/01pb__"	"dendrobium"	Dendrobium
"/m/01pbfj"	"turban"	Turbinidae
"/m/01pbgp"	"massif"	Massif Central
"/m/01pbjy"	"military police"	Military Police Corps
"/m/01pbww"	"wolf spider"	Wolf spider
"/m/01pd0d"	"bridesmaid"	The Bridesmaid
"/m/01pd2g"	"raspberry"	Raspberry
"/m/01pdqb"	"rusty-spotted cat"	Rusty-spotted cat
"/m/01pdqq"	"bicycle chain"	Bicycle Chain
"/m/01pf5y"	"lapsang souchong"	Lapsang Souchong
"/m/01pg4q"	"pueblo"	USS Pueblo (AGER-2)
"/m/01ph12"	"hippeastrum"	Hippeastrum
"/m/01phq4"	"pier"	Pier Paolo Pasolini
"/m/01phsx"	"tarantula"	Tarantula
"/m/01pjkn"	"volkswagen karmann ghia"	Je Design
"/m/01pk_6"	"feta"	Feta
"/m/01pkw7"	"papillon"	Papillon
"/m/01pl3y"	"new year's eve"	New Year's Eve
"/m/01pldp"	"roast beef"	Roast beef
"/m/01pm38"	"clumber spaniel"	Clumber Spaniel
"/m/01pmdg"	"electric vehicle"	National Electric Vehicle Sweden
"/m/01pmj8"	"scone"	Scone
"/m/01pmyz"	"digital piano"	Tipboook - Keyboard and Digital Piano
"/m/01pr2g"	"peking duck"	Peking duck
"/m/01pvc5"	"jockey"	Jockey International
"/m/01pvk"	"canal"	Canal+
"/m/01pxg"	"chemist"	Boots UK
"/m/01q1z9"	"ford f-550"	FORD F-550
"/m/01q4vl"	"pagoda"	Japanese pagoda
"/m/01q4wd"	"stupa"	Swayambhunath
"/m/01q6_m"	"widow spider"	Widow spiders
"/m/01q6zv"	"red backed sandpiper"	
"/m/01q7l"	"currency"	Doubleday
"/m/01q8_b"	"hammock"	Hammock
"/m/01q971"	"brisket"	Brisket
"/m/01q_cy"	"globe"	Golden Globe Award
"/m/01qbl"	"cymbal"	Johnny Cymbal
"/m/01qbt6"	"master sergeant"	Hogan's Heroes
"/m/01qbv9"	"sergeant major"	Sergeant major
"/m/01qdbn"	"bicycle pedal"	Transition Bikes
"/m/01qdtc"	"bluebonnet"	Bluebonnet
"/m/01qf88"	"gumbo"	Gumbo
"/m/01qfdq"	"roux"	Roux
"/m/01qh13"	"toyota land cruiser"	Toyota Land Cruiser FJ40
"/m/01qhp_"	"racquet sport"	Tennis clubs and racquet sport projects
"/m/01qj63"	"badger"	Badger
"/m/01qk4t"	"conch"	Conch
"/m/01qkbx"	"professional"	NFL
"/m/01qkg"	"calf"	Golden calf
"/m/01qlmc"	"brush footed butterfly"	Nymphalidae
"/m/01qls"	"community"	Community of Madrid
"/m/01qmr4"	"saab 9-3"	National Electric Vehicle Sweden
"/m/01qn1p"	"english shepherd"	English Shepherd dog
"/m/01qnxs"	"seaplane"	Japanese seaplane tender Akitsushima
"/m/01qp5w"	"volkswagen jetta"	2009 Volkswagen Jetta TDI Cup
"/m/01qp69"	"dry suit"	Dry Suit
"/m/01qpb2"	"sazerac"	Sazerac
"/m/01qpsq"	"polecat"	European polecat
"/m/01qq3s"	"fajita"	Fajita
"/m/01qr50"	"mud"	Mud
"/m/01qrmr"	"pieridae"	Pieridae
"/m/01qt74"	"sidecar"	Sidecar
"/m/01qt7l"	"consolidated pby catalina"	Consolidated PBY Catalina
"/m/01qtdl"	"datsun 1500, 1600, 2000 roadster"	Jim Fitzgerald
"/m/01qwsw"	"flat panel display"	Flat Panel Display Materials
"/m/01qx81"	"gyokuro"	GYOKURO
"/m/01qxvh"	"romance novel"	Harlequin Enterprises
"/m/01qyp"	"caryophyllales"	Caryophyllales
"/m/01r0_7"	"roe"	Avro
"/m/01r0j5"	"sunscreen"	Sunscreen
"/m/01r1wt"	"quince"	Quince
"/m/01r1z5"	"asian food"	Asian Food Channel
"/m/01r22b"	"fried egg"	Fried egg
"/m/01r24t"	"barbecue grill"	Still Lives III. Barbecue Grill
"/m/01r2fb"	"inflatable"	Zodiac Aerospace
"/m/01r3xn"	"shoal"	Shoal
"/m/01r546"	"earrings"	Golden Earring
"/m/01r8g"	"caving"	Caving
"/m/01r8w"	"cave"	Mammoth Cave National Park
"/m/01r9v"	"computer program"	[Applesoft computer program]
"/m/01r9wv"	"impala"	Impala
"/m/01r_pn"	"race track"	Silverstone Circuit
"/m/01rb6t"	"chrysanths"	Chrysanthemum
"/m/01rcl8"	"domesticated turkey"	Domesticated turkey
"/m/01rd5z"	"aisle"	Aisle
"/m/01rd7k"	"wild turkey"	Domesticated turkey
"/m/01rdr1"	"spit"	Curonian Spit
"/m/01rfps"	"pharmacy"	CVS Pharmacy
"/m/01rg3p"	"easel"	Pop Goes the Easel
"/m/01rh7y"	"scale model"	Scale Model
"/m/01rjb2"	"mantis shrimp"	Mantis shrimp
"/m/01rkbr"	"necktie"	Necktie Youth
"/m/01rn09"	"bling-bling"	Chris Jericho
"/m/01rn4d"	"korat"	Korat
"/m/01rpf"	"cupid"	Cupid
"/m/01rq37"	"big mac"	McDonald's Big Mac
"/m/01rqtz"	"optical disc drive"	GoldStar
"/m/01rr0k"	"great black-backed gull"	Great black-backed gull
"/m/01rrrx"	"baguette"	Baguette
"/m/01rs21"	"sedge family"	Sedges
"/m/01rsdb"	"stream bed"	Guidelines for collecting and processing samples of stream bed sediment for analysis of trace elements and organic contaminants for the National Water-Quality Assessment Program
"/m/01rv4_"	"citroã«n saxo"	
"/m/01rw_4"	"sea kayak"	Sea Kayak Navigation
"/m/01rwk"	"climbing"	Climbing gourami
"/m/01ry_j"	"protea"	Sugarbushes
"/m/01rynr"	"maple leaf"	Air Canada
"/m/01rzcn"	"watercraft"	Israeli Navy
"/m/01s02b"	"dive computer"	Mares
"/m/01s08d"	"croque-monsieur"	Croque-monsieur
"/m/01s0ps"	"electric piano"	Wurlitzer
"/m/01s0vc"	"zipper"	Zipper
"/m/01s105"	"cabinetry"	Classic Cabinetry
"/m/01s16s"	"citroã«n c2"	
"/m/01s4b5"	"neon sign"	Neon Sign Stomp
"/m/01s55n"	"suitcase"	Razorblade Suitcase
"/m/01s56h"	"slip-on shoe"	Skinhead Attitude
"/m/01s5v5"	"honda cr-x"	Honda Marine Group
"/m/01s6cj"	"lip gloss"	Lip Gloss
"/m/01s6l_"	"bulgur"	Bulgur
"/m/01s6w2"	"heptathlon"	Jessica Samuelsson
"/m/01s77c"	"ribbon"	Merrie Melodies
"/m/01s7fj"	"shih tzu"	Shih Tzu
"/m/01s85q"	"onyx"	Onyx
"/m/01s8fx"	"news conference"	News Conference
"/m/01s9m1"	"tall ship"	Glenlee
"/m/01s_bn"	"button"	Jenson Button
"/m/01s_c3"	"amc pacer"	AMC Pacer, Gremlin, Hornet, 1971-1979 shop manual
"/m/01sbt1"	"parmigiano-reggiano"	Parmigiano-Reggiano
"/m/01sbwk"	"champignon"	Champignon
"/m/01sc6y"	"patterdale terrier"	Patterdale Terrier
"/m/01sdr"	"color"	Academy Award for Best Production Design
"/m/01sdr3"	"hubcap"	Hubcap
"/m/01sdv7"	"vest"	Vest-Agder
"/m/01sfb5"	"underwater"	Underwater Demolition Team
"/m/01sfl"	"clown"	It
"/m/01sfmq"	"toyota matrix"	Escape the Toyota Matrix
"/m/01sg7n"	"holden commodore"	Holden Commodore VT automotive repair manual
"/m/01sg9l"	"nightclub"	Orlando nightclub shooting
"/m/01sgl"	"cycling"	Rabobank
"/m/01sh8v"	"lupin"	Lupin III
"/m/01sh9p"	"rosa rugosa"	Beach rose
"/m/01shdw"	"scaled reptile"	Squamata
"/m/01sjyq"	"cessna 152"	Cessna 152
"/m/01slj8"	"lassi"	Lassi
"/m/01sn4c"	"kielbasa"	Kielbasa
"/m/01snz9"	"music workstation"	Tuomas Holopainen
"/m/01sp1f"	"boeing 787 dreamliner"	Boeing 787 Dreamliner
"/m/01spzs"	"still life"	Still Life
"/m/01sq26"	"dodge intrepid"	Dodge Intrepid
"/m/01sqnx"	"byzantine architecture"	Byzantine Revival architecture
"/m/01srj"	"comet"	de Havilland Comet
"/m/01srtk"	"guitar pick"	The Guitar Pick-Ups Handbook
"/m/01ss0"	"compost"	Compost Records
"/m/01svq"	"computer cluster"	Microway
"/m/01swbd"	"lancia delta"	Lancia Delta &amp; HF Integrate Ultimate Portfolio
"/m/01swzs"	"american coot"	American coot
"/m/01sxnm"	"infiniti"	Infiniti
"/m/01sy7"	"coal"	Consol Energy
"/m/01sy7q"	"mascarpone"	Mascarpone
"/m/01syxg"	"jogging"	Jogging
"/m/01szdf"	"caper"	Caper
"/m/01szdy"	"gherkin"	30 St Mary Axe
"/m/01t032"	"golden retriever"	Golden Retriever
"/m/01t15m"	"waiting staff"	Waiting staff
"/m/01t2ln"	"police officer"	Police Officer
"/m/01t2tr"	"white-beaked dolphin"	White-beaked dolphin
"/m/01t3_"	"screen"	Chroma key
"/m/01t4h"	"crystal"	Crystal Palace F.C.
"/m/01t4m0"	"freestyle swimming"	Franziska van Almsick
"/m/01t751"	"pregnancy test"	Pregnancy Test
"/m/01t8by"	"machinist"	The Machinist
"/m/01t98f"	"mid-autumn festival"	The Chinese Mid-autumn Festival
"/m/01t9mr"	"saab 9000"	Saab 9000 (4-cylinder) Service and Repair Manual
"/m/01t_yc"	"dormitory"	Scottish Rite Dormitory
"/m/01tbcv"	"non-vascular land plant"	
"/m/01tc53"	"venison"	Venison
"/m/01tcjp"	"muffin"	Muffin
"/m/01tf9x"	"perilla"	Perilla
"/m/01tfm0"	"pine family"	Pinaceae
"/m/01tg1x"	"wasserfall"	Dewald Wasserfall
"/m/01th42"	"gulfstream iii"	Gulfstream III
"/m/01th5y"	"boeing c-40 clipper"	Boeing C-40 Clipper
"/m/01tkqg"	"bulldozer"	Umaga
"/m/01tkqy"	"stunt performer"	Michael Adams
"/m/01tksn"	"spider web"	Spider-Man
"/m/01tl0v"	"cosmos"	Cosmos
"/m/01tl62"	"mitsubishi f-2"	Mitsubishi F-2
"/m/01tlrb"	"ford windstar"	Ford Windstar
"/m/01tnfp"	"ford galaxie"	Ford Galaxie &amp; LTD 1960-1976 -Gold Portfolio
"/m/01tp0c"	"pebble"	Pebble Beach
"/m/01tprb"	"hula hoop"	Hula Hoop
"/m/01tq2l"	"cruise ship"	Tokyo Cruise Ship
"/m/01tq84"	"oryx"	Oryx
"/m/01tq9h"	"pronghorn"	Pronghorn
"/m/01tqs1"	"biscuit"	Biscuit
"/m/01tr_g"	"blade"	Blade
"/m/01ts5x"	"dhol"	Dhol
"/m/01tt2n"	"caravel"	Caravel Games
"/m/01ttbz"	"cockatiel"	Cockatiel
"/m/01ttd6"	"plant stem"	Gibberella
"/m/01ttst"	"ford contour"	Ford-Contour/Mystique/Cougar 1995-99
"/m/01tv9"	"cream"	Cream
"/m/01tw48"	"chamois"	Chamois
"/m/01tx7r"	"volcanic rock"	Volcanic Rock
"/m/01txr2"	"spring"	Hot spring
"/m/01txv3"	"shorinji kempo"	Tadotsu
"/m/01ty0n"	"spring"	Hot spring
"/m/01tygv"	"archive"	Internet Archive
"/m/01v000"	"arborist"	Arborist
"/m/01v0db"	"mortar and pestle"	Mortar and Pestle
"/m/01v2s5"	"lure coursing"	Silken Windhound
"/m/01v2xz"	"clothes dryer"	Clothes Dryer Repair Under $40
"/m/01v327"	"lawn"	Forest Lawn Memorial Park
"/m/01v3j7"	"lamniformes"	Lamniformes
"/m/01v3zp"	"subaru legacy"	Subaru World Rally Team
"/m/01v40j"	"nissan maxima"	Nissan Maxima 1993 thru 2001
"/m/01v46r"	"giraffidae"	Giraffidae
"/m/01v4f7"	"sloop-of-war"	USS Peacock
"/m/01v4jb"	"monolith"	Monolith
"/m/01v4ld"	"musk deer"	Musk deer
"/m/01v4lt"	"arch bridge"	Arch bridge
"/m/01v4sn"	"mortarboard"	House Cleaning Blues
"/m/01v4x4"	"camel-like mammal"	
"/m/01v50j"	"crane"	Scarecrow
"/m/01v728"	"land plant"	Embryophyte
"/m/01v7jx"	"deodorant"	Deodorant
"/m/01v8rm"	"shield volcano"	Tweed Volcano
"/m/01v9np"	"dodge caravan"	Ram Trucks
"/m/01vbb5"	"ocean liner"	RMS Titanic
"/m/01vbnl"	"bidet"	Jacques Bidet
"/m/01vdm0"	"electronic keyboard"	Basix Electronic Keyboard MEthod
"/m/01vdv8"	"european gallinule"	
"/m/01vfsf"	"guitar amplifier"	Electric guitar amplifier handbook
"/m/01vk9q"	"track"	USA Track &amp; Field
"/m/01vk_m"	"espresso machine"	Espresso machine
"/m/01vkfc"	"chevrolet avalanche"	Tony Posawatz
"/m/01vkl"	"circle"	Divine Comedy
"/m/01vml3"	"saab 99"	Saab 99
"/m/01vn4d"	"purple mangosteen"	Purple mangosteen
"/m/01vnb"	"comic book"	Batman
"/m/01vnj3"	"speed skiing"	Philippe Goitschel
"/m/01vnt4"	"timbales"	Tito Puente
"/m/01vpyd"	"emydidae"	Emydidae
"/m/01vq2n"	"leatherback turtle"	Leatherback sea turtle
"/m/01vq3"	"christmas"	Christmas Island
"/m/01vq6t"	"agamidae"	Agamidae
"/m/01vq7_"	"iguana"	Green iguana
"/m/01vqj0"	"dactyloidae"	Dactyloidae
"/m/01vqyv"	"lacertidae"	Lacertids
"/m/01vrjw"	"anguidae"	Anguidae
"/m/01vsvd"	"curry powder"	Curry powder
"/m/01vw0_"	"grave"	Grave, North Brabant
"/m/01vws3"	"skink"	Skink
"/m/01w1vt"	"sahara"	Sahara
"/m/01w1x1"	"hand drum"	Hand Drum
"/m/01w4c9"	"djembe"	Djembe
"/m/01w5c_"	"aerial photography"	Aerial photography
"/m/01w5q5"	"arabian camel"	dromedary
"/m/01w6nv"	"homework"	Homework
"/m/01w71f"	"personal luxury car"	Chrysler
"/m/01w8pq"	"martini"	Martini
"/m/01w_gm"	"plaster"	Plaster Rock
"/m/01wb7"	"church"	Church of England
"/m/01wbf1"	"prairie chicken"	Greater prairie chicken
"/m/01wbt9"	"ruffed grouse"	Ruffed grouse
"/m/01wcxw"	"veteran"	Veteran
"/m/01wdp"	"cucumber, gourd, and melon family"	Cucurbitaceae
"/m/01wh_8"	"cherry blossom"	Japantown
"/m/01wk9c"	"emblem"	Fire Emblem
"/m/01wkk9"	"town square"	Old Town Square
"/m/01wt5r"	"water park"	Cotswold Water Park
"/m/01wtbt"	"artificial island"	Nanhai Pearl Artificial Island
"/m/01wvgd"	"scorpionfish"	Scorpionfish
"/m/01ww8y"	"snack food"	Jack Link's Beef Jerky
"/m/01wwvy"	"brioche"	Brioche
"/m/01www"	"compact disc"	Album
"/m/01wy35"	"saab 9-5"	Saab Car Museum
"/m/01wy6"	"clarinet"	Benny Goodman
"/m/01wyb3"	"trench coat"	Columbine High School massacre
"/m/01wydv"	"beignet"	Beignet
"/m/01wzjh"	"bowie knife"	Bowie Knife
"/m/01x2d0"	"saab 96"	SAAB 96
"/m/01x2j"	"camouflage"	Camouflage
"/m/01x2kt"	"saab 93"	Saab Car Museum
"/m/01x2wn"	"saab 92"	Saab Car Museum
"/m/01x3jk"	"snowmobile"	Snowmobile
"/m/01x3mx"	"galia"	Galia melon
"/m/01x3z"	"clock"	Big Ben
"/m/01x5j8"	"crãªpe"	
"/m/01x5q"	"ceramic"	Ferrite
"/m/01x5q1"	"jã¤mthund"	
"/m/01x6fm"	"jujutsu"	Judo (jujutsu)
"/m/01x7t4"	"forester"	C. S. Forester
"/m/01x7x4"	"paddle steamer"	PS Waverley
"/m/01x8yz"	"american chameleon"	The American chameleon
"/m/01x9mn"	"dough"	Dough
"/m/01x9x4"	"telephone booth"	Telephone Booth
"/m/01x_c"	"gulai"	Gulai
"/m/01x_ps"	"totem"	Totem
"/m/01x_v"	"camel"	Camel
"/m/01xbt3"	"passion fruit"	Passion fruit
"/m/01xbty"	"passion flower"	Passion Flower
"/m/01xbz3"	"kinkajou"	Kinkajou
"/m/01xc8d"	"rope"	Europe
"/m/01xcwm"	"jackfruit"	Jackfruit
"/m/01xdjk"	"brooch"	Fuller Brooch
"/m/01xf5"	"clutch"	Clutch
"/m/01xg0j"	"breakfast sausage"	Breakfast sausage
"/m/01xg7s"	"chorizo"	Chorizo
"/m/01xgg_"	"medical equipment"	International Medical Equipment Collaborative
"/m/01xgsv"	"dude"	Mick Foley
"/m/01xhy2"	"metropolitan bishop"	Metropolis of Moldavia and Bukovina
"/m/01xmqj"	"figurine"	Tanagra figurine
"/m/01xns6"	"blessing"	Tennessee
"/m/01xq0k1"	"cattle"	Cattle
"/m/01xq49"	"vintage car"	Vintage Car
"/m/01xqrf"	"butte"	Butte
"/m/01xqvb"	"academic dress"	University of Hertfordshire
"/m/01xqw"	"cello"	Cello
"/m/01xr66"	"spokesperson"	Bharatiya Janata Party
"/m/01xs30"	"personal water craft"	Elliott Heads
"/m/01xs3r"	"jet ski"	Kawasaki Jet Ski
"/m/01xs7r"	"all-terrain vehicle"	ARGO
"/m/01xsb3"	"classic car"	Classic Car Rescue
"/m/01xt1_"	"dianthus"	Pink
"/m/01xtxb"	"cavalier king charles spaniel"	Cavalier King Charles Spaniel
"/m/01xw9"	"chinese food"	Chinese cuisine
"/m/01xwx2"	"weevil"	Weevil
"/m/01xxn0"	"hedge"	Over the Hedge
"/m/01xxtm"	"frozen food"	Frozen food
"/m/01xxv0"	"tomahawk"	Curtiss P-40 Warhawk
"/m/01xygc"	"coat"	Russia
"/m/01xyhv"	"suit"	Mobile Suit Gundam
"/m/01xyy3"	"tangle web spider"	Theridiidae
"/m/01y0fy"	"mcdonnell douglas md-80"	McDonnell Douglas MD-80
"/m/01y24v"	"green algae"	Blue-green bacteria
"/m/01y2w"	"ciconiiformes"	Ciconiiformes
"/m/01y3fy"	"jungle"	Law of the Jungle
"/m/01y4xf"	"coriander"	Coriander
"/m/01y77"	"cnidaria"	Cnidaria
"/m/01y8r2"	"red flag"	Hongqi
"/m/01y8xw"	"villa"	Aston Villa F.C.
"/m/01y9k5"	"desk"	Drama Desk Award
"/m/01y_7"	"coyote"	Coyote
"/m/01y_c6"	"g-string"	G String Divas
"/m/01y_g4"	"austin-healey sprite"	Austin-Healey
"/m/01yby"	"cuttlefish"	Cuttlefish
"/m/01ycvc"	"sea ice"	The Sea of Ice
"/m/01yfj"	"curling"	Curling
"/m/01ygjb"	"lacerta"	Lacerta
"/m/01yh65"	"woolen"	Pendleton Woolen Mills
"/m/01yh6x"	"lamborghini miura"	Museo Lamborghini
"/m/01yjkq"	"cross country running"	Tennessee Volunteers cross country
"/m/01ykh"	"cuisine"	Cuisine of the United States
"/m/01ymmt"	"violet family"	Gesneriaceae
"/m/01yn01"	"iris family"	Iridaceae
"/m/01yn49"	"skate"	Skate
"/m/01ypbj"	"chevrolet chevelle"	Chevrolet
"/m/01ypq8"	"lighter"	Saitama Seibu Lions
"/m/01yrsm"	"cuckoo clock"	Jack and the Cuckoo-Clock Heart
"/m/01yrx"	"cat"	Cat
"/m/01ys2s"	"antique"	Antique
"/m/01ysmz"	"toyota prius"	Gran Turismo 4
"/m/01ysy9"	"diploma"	International Baccalaureate
"/m/01yt8c"	"basil"	basil
"/m/01yttv"	"audio equipment"	Audio equipment tests
"/m/01yv4s"	"elaeis"	Oil palms
"/m/01yvs"	"coca-cola"	Coca-Cola
"/m/01yw8f"	"larb"	Larb
"/m/01yx86"	"bronze sculpture"	Equestrian statue of Gattamelata
"/m/01yyk"	"cereal"	Cereal
"/m/01z0mh"	"norwegian lundehund"	Norwegian Lundehund
"/m/01z1jf2"	"american food"	Cuisine of the United States
"/m/01z1kdw"	"juice"	Juice
"/m/01z1m1x"	"soup"	Campbell Soup Company
"/m/01z1sv"	"tartan"	Palisades Tartan
"/m/01z24r"	"anesthesiologist"	Anesthesiologist
"/m/01z27"	"cross-country skiing"	Les Saisies
"/m/01z3j2"	"vermicelli"	Vermicelli
"/m/01z3z"	"boeing c-17 globemaster iii"	Boeing C-17 Globemaster III
"/m/01z404"	"newfoundland"	Newfoundland and Labrador
"/m/01z45gc"	"southeast asian food"	Southeast Asian food and drink
"/m/01z562"	"basket"	Bilbao Basket
"/m/01z5f"	"dog-like mammal"	
"/m/01z6s"	"couscous"	Couscous
"/m/01z7bj"	"loosestrife and pomegranate family"	
"/m/01z85"	"cheerleading"	Cheerleading
"/m/01z9l8"	"apiary"	Apiary
"/m/01z9v6"	"pitcher"	Tropical pitcher plants
"/m/01zbnw"	"screenshot"	Screenshot
"/m/01zbv5"	"northern flicker"	Northern flicker
"/m/01zd_f"	"sibling"	Sibling Rivalry
"/m/01zfyk"	"bucket"	The Bucket List
"/m/01zgr"	"chlorophyta"	Green algae
"/m/01zh5"	"capybara"	Capybara
"/m/01zj4q"	"country-western dance"	United Country Western Dance Council
"/m/01zkt1"	"whitewater kayaking"	Hawaii-sur-Rhone
"/m/01zl9v"	"zeppole"	Zeppole
"/m/01zpz"	"crew"	Columbus Crew SC
"/m/01zs85"	"spinet"	Spinet
"/m/01zssy"	"cheesesteak"	Cheesesteak
"/m/01zvtl"	"egg white"	Egg white
"/m/01zwfs"	"porsche 959"	Porsche India
"/m/01zwml"	"sea slug"	Sea slug
"/m/01zx13"	"ford model b, model 18, & model 40"	GAZ
"/m/01zxqd"	"new world monkey"	New World monkey
"/m/01zxt7"	"old world monkey"	Old World monkey
"/m/02021"	"chipmunk"	de Havilland Canada DHC-1 Chipmunk
"/m/0203vw"	"energy drink"	Energy drink
"/m/0204fg"	"skyline"	Skyline
"/m/02054x"	"citron"	Citron
"/m/02068x"	"gondola"	SY Gondola
"/m/0206cd"	"sidewinder"	Crotalus cerastes
"/m/0206yg"	"house finch"	House finch
"/m/02079p"	"speaker"	English Language
"/m/0207l9"	"onion genus"	Allium
"/m/0207sy"	"caipirinha"	Caipirinha
"/m/0209pm"	"turnstile"	Turnstile
"/m/0209ts"	"sorbet"	Sorbet
"/m/020_l8"	"ice climbing"	Ice Climbing Utah
"/m/020b3f"	"frozen yogurt"	Frozen yogurt
"/m/020bgr"	"pig-like mammal"	
"/m/020csw"	"bitter orange"	Bitter orange
"/m/020cvm"	"sweet lemon"	Sweet Lemon
"/m/020d_t"	"street dance"	StreetDance 3D
"/m/020dp"	"cranberry"	Cranberry
"/m/020dwk"	"passenger ship"	New York Passenger Ship Terminal
"/m/020fb2"	"coffeehouse"	Cherrywood Coffeehouse
"/m/020fsy"	"portable communications device"	
"/m/020g49"	"hardwood"	Tree
"/m/020g7f"	"injera"	Injera
"/m/020h7v"	"tangelo"	Tangelo
"/m/020hl7"	"salamandridae"	Salamandridae
"/m/020hqc"	"muesli"	Muesli
"/m/020j3z"	"meatloaf"	Meatloaf
"/m/020j6j"	"hetaira"	Hetaira
"/m/020jm"	"beetle"	Beetle
"/m/020k3"	"concorde"	Concorde
"/m/020kz"	"cannon"	The Cannon Group, Inc.
"/m/020ldp"	"tucuxi"	Tucuxi
"/m/020lf"	"mouse"	Mickey Mouse
"/m/020lv8"	"ford mondeo"	Ford Motor Company
"/m/020m7t"	"ball game"	Atherstone
"/m/020p1v"	"wine bottle"	Dusty Wine Bottle
"/m/020rfd"	"supermoto"	Severe Supermoto
"/m/020s4p"	"cleanliness"	Cleanliness
"/m/020s9t"	"ford falcon (australian version)"	
"/m/020sg1"	"volkswagen polo"	Volkswagen
"/m/020t4k"	"stuffing"	Stuffing
"/m/020vbd"	"indigo bunting"	Indigo bunting
"/m/020vl"	"chocolate"	Chocolate
"/m/020wcz"	"mountain pass"	Red Mountain Pass
"/m/020xxc"	"retriever"	Labrador Retriever
"/m/020yd1"	"medal"	John Newbery Medal
"/m/020ys5"	"condominium"	New Hebrides
"/m/020ytc"	"rice cooker"	Sharp Corporation
"/m/020z5t"	"english springer spaniel"	English Springer Spaniel
"/m/020z66"	"miniature schnauzer"	Miniature Schnauzer
"/m/02133g"	"grog"	Grog
"/m/0213_2"	"buick skylark"	Buick Skylark
"/m/021468"	"chevrolet astro"	GMC
"/m/0214k8"	"amc javelin"	Pierre Cardin
"/m/02155t"	"american lobster"	American lobster
"/m/0215_s"	"hot hatch"	Opel Performance Center
"/m/0215j4"	"camera operator"	Camera Operator
"/m/0215n"	"cartoon"	Cartoon Network
"/m/0215zm"	"peugeot 205"	Peugeot 205
"/m/0216vm"	"slipper"	Lady's slipper orchids
"/m/0218rg"	"flyer"	New Flyer Industries
"/m/021_yc"	"knit cap"	Woman in Knit Cap
"/m/021cns"	"bullfrog"	American bullfrog
"/m/021csx"	"ranidae"	True frog
"/m/021dfr"	"youth"	Germany national youth football team
"/m/021gxj"	"pontoon bridge"	Battle of Remagen
"/m/021kf"	"curtiss p-40 warhawk"	Curtiss P-40 Warhawk
"/m/021krv"	"state park"	Allegany State Park
"/m/021l45"	"daiquiri"	Daiquiri
"/m/021mh_"	"stuffed toy"	Maalaala Mo Kaya
"/m/021mn"	"cookie"	Cookie Monster
"/m/021mp2"	"sedan"	CS Sedan Ardennes
"/m/021n63"	"one day international"	2003 Cricket World Cup
"/m/021nj3"	"dassault mirage 2000"	Dassault Mirage 2000
"/m/021p8m"	"ambystoma maculatum"	Spotted salamander
"/m/021s_r"	"convenience food"	Convenience food facts
"/m/021sj1"	"office"	The Office
"/m/021swn"	"buzz cut"	Buzz Cut
"/m/021tjx"	"rowan"	Rowan
"/m/021v9b"	"soursop"	Soursop
"/m/021w6f"	"tile"	Florida Tile
"/m/021wms"	"medley swimming"	Attila Czene
"/m/021yby"	"seat of local government"	Rural Municipality of Ritchot
"/m/021z13"	"fokker f27 friendship"	Fokker F27 Friendship
"/m/0220bx"	"mil mi-24"	Mil Mi-24
"/m/0220r2"	"fountain"	Fountain
"/m/0221lk"	"operating theater"	Operating Theater
"/m/0223r_"	"momordica charantia"	Bitter melon
"/m/02267z"	"mineral water"	Apollinaris
"/m/0226ny"	"pontiac firebird"	Pontiac
"/m/0229mb"	"egyptian mau"	Egyptian Mau
"/m/0229v7"	"gaucho"	Ronaldinho
"/m/022ch"	"cross"	International Red Cross and Red Crescent Movement
"/m/022cq8"	"porsche 550"	Richard von Frankenberg
"/m/022ctg"	"porsche 904"	Herbert Linge
"/m/022ctv"	"porsche 906"	Porsche Engineering
"/m/022drf"	"päczki"	
"/m/022fks"	"singapore sling"	Singapore Sling
"/m/022h3v"	"joiner"	Xzibit
"/m/022hnr"	"volvo cars"	Volvo Cars
"/m/022hy"	"crucifix"	Crucifix
"/m/022lvh"	"lemon meringue pie"	Lemon meringue pie
"/m/022n8y"	"kebab"	Kebab
"/m/022p83"	"wedding cake"	Wedding cake
"/m/022pgh"	"electric locomotive"	Zhuzhou Electric Locomotive Works
"/m/022r_6"	"boeing 747-400"	Boeing 747-400
"/m/022w4"	"hanukkah"	Hanukkah Harry
"/m/022x_3"	"volvo s60"	Prodrive
"/m/022xdb"	"hinterland"	Hinterland
"/m/022y9b"	"speleothem"	Underground lake
"/m/02309j"	"wadi"	Arabah
"/m/0230w"	"crochet"	Hook
"/m/02318"	"coil"	Coil
"/m/0235lp9"	"skateboarder"	Radica Games
"/m/0236lc"	"dry lake"	Edwards Air Force Base
"/m/023704"	"ice plant"	Stone plants
"/m/023718"	"ice plant family"	Stone plants
"/m/023779"	"nasi lemak"	Nasi lemak
"/m/02377q"	"roti canai"	Roti canai
"/m/0238jq"	"pad thai"	Pad Thai
"/m/023907r"	"real estate"	Yahoo!
"/m/0239cb"	"ac ace"	Dax Cars
"/m/023b8"	"clipper"	Boeing 314 Clipper
"/m/023bbt"	"wilderness"	Battle of the Wilderness
"/m/023cbk"	"cargo"	Trenitalia
"/m/023gc2"	"gayageum"	Sookmyung Gayageum Orchestra
"/m/023hb6"	"darts"	Darts
"/m/023j4r"	"nail"	Tooth &amp; Nail Records
"/m/023kc8"	"yakitori"	Yakitori
"/m/023kjl"	"erotic literature"	Erotic Literature
"/m/023ls"	"cola"	Coca-Cola
"/m/023nrw"	"navigator"	Beechcraft Model 18
"/m/023pjk"	"cutlery"	Camillus Cutlery Company
"/m/023q15"	"sloth bear"	Sloth bear
"/m/023s_v"	"usb flash drive"	SanDisk
"/m/023t5p"	"goal"	Goal!
"/m/023tkl"	"abseiling"	Lowe Alpine
"/m/023vxw"	"marmot"	Marmot
"/m/02417f"	"windscreen wiper"	Windscreen Wiper
"/m/02422r"	"futon"	Futon
"/m/024247"	"bottled water"	Bottled water
"/m/0245kq"	"stealth aircraft"	Lockheed F-117 Nighthawk
"/m/0245rx"	"christmas pudding"	Christmas pudding
"/m/024br0"	"lotus europa"	Lotus Europa
"/m/024d1z"	"peeler"	Anthony Peeler
"/m/024d2"	"calculator"	Calculator
"/m/024dyf"	"hula"	Hula Valley
"/m/024g6"	"cocktail"	Cocktail
"/m/024gh2"	"antonov an-225 mriya"	Antonov An-225 Mriya
"/m/024gjb"	"menu"	Toriko
"/m/024jj"	"cuba libre"	Cuba Libre
"/m/024kz7"	"dancesport"	From Ballroom To Dancesport
"/m/024ncv"	"chevrolet bel air"	1957 Chevrolet Bel Air
"/m/024nvz"	"hyacinth"	Hyacinth
"/m/024pk"	"whales, dolphins, and porpoises"	Cetacea
"/m/024rf7"	"irish coffee"	Irish coffee
"/m/024v9t"	"cosmopolitan"	Cosmopolitan of Las Vegas
"/m/024vw_"	"erotic dance"	Erotic Dance Photography
"/m/024wtl"	"acura tsx"	Acura
"/m/024xsj"	"delphinium"	Larkspur
"/m/024y62"	"mercedes-benz c-class"	Mercedes-Benz
"/m/024y9s"	"mercedes-benz s-class"	Brabus
"/m/02500f"	"overpass"	Overpass
"/m/0250bv"	"manhole cover"	Manhole Cover
"/m/0250ff"	"manhole"	Manhole
"/m/0250t7"	"cane"	Sugarcane
"/m/0250x"	"costume"	Academy Award for Best Costume Design
"/m/0250zy"	"brussels sprout"	Brussels sprout
"/m/02519"	"cable car"	San Francisco cable car system
"/m/02519_"	"crater lake"	Crater Lake National Park
"/m/02522"	"computer monitor"	Iiyama
"/m/0252db"	"elapidae"	Elapidae
"/m/02539r"	"sorbus"	Sorbus aucuparia
"/m/0253nx"	"schisandra"	Schisandra
"/m/02551"	"lockheed c-130 hercules"	C-130 Hercules
"/m/02553v"	"toilet seat"	The Redback on the Toilet Seat
"/m/025_bql"	"isuzu d-max"	Isuzu Malaysia
"/m/025_s2m"	"black mouth cur"	Black Mouth Cur
"/m/025_sbw"	"french spaniel"	French Spaniel
"/m/025_v"	"cactus family"	Cactus
"/m/025cll"	"storm drain"	Storm Drain
"/m/025dhq"	"mooncake"	Mooncake
"/m/025dp"	"captain america"	Captain America
"/m/025dq0"	"sari"	Sari
"/m/025dyy"	"box"	HBO
"/m/025kqp"	"jaguar xk"	Original Jaguar XK
"/m/025kyy"	"forehead"	Forehead Tittaes
"/m/025l19"	"recording"	Recording Industry Association of America
"/m/025l6q"	"darkroom"	Darkroom
"/m/025m070"	"newscaster"	CBS News
"/m/025mf5"	"bmw 1 series (e87)"	BMW India
"/m/025nd"	"christmas tree"	Christmas Tree Shops
"/m/025pb"	"boeing vertol ch-46 sea knight"	Boeing Vertol CH-46 Sea Knight
"/m/025qfg"	"antique car"	Antique Car Wrecks
"/m/025rgl"	"plush"	Plush
"/m/025rm5"	"opuntia"	Prickly pear
"/m/025rp__"	"cowboy hat"	Cowboy Hat Girl
"/m/025rqtz"	"toyota yaris"	2007 Toyota Yaris
"/m/025rrgz"	"toyota tacoma"	Toyota Tacoma, 4Runner &amp; T100 automotive repair manual
"/m/025rs2z"	"gold"	gold
"/m/025rsfk"	"copper"	Copper
"/m/025rv6n"	"fowl"	Chicken
"/m/025rvy6"	"emergency"	Emergency department
"/m/025rw19"	"iron"	Iron
"/m/025rxsc"	"ferns and horsetails"	Louis Emberger
"/m/025ryqs"	"comb"	Comb jellies
"/m/025s187"	"humulus lupulus"	Common hop
"/m/025s1kl"	"livestock guardian dog"	Romanian Mioritic Shepherd Dog
"/m/025s35_"	"ravine"	Dodger Stadium
"/m/025s3q0"	"landscape"	Landscape park
"/m/025s4r0"	"neon"	Neon Genesis Evangelion
"/m/025s53m"	"rolling stock"	CSR Corporation Limited
"/m/025s5lg"	"nuncio"	Apostolic Nunciature to the United States
"/m/025s7vs"	"briquet griffon vendã©en"	
"/m/025s7y2"	"platinum"	Platinum
"/m/025s89"	"muskmelon"	Muskmelon
"/m/025s8bs"	"shopping mall"	Westgate shopping mall shooting
"/m/025s95r"	"perilla frutescens"	Beefsteak plant
"/m/025s9qt"	"hug"	Procter Ralph Hug Jr.
"/m/025sb2w"	"supersonic aircraft"	Concorde
"/m/025sbr0"	"waiting room"	The Waiting Room
"/m/025sd7y"	"manger"	Pret a Manger
"/m/025sf8x"	"silver"	Silver
"/m/025sfz5"	"icicle"	Icicle
"/m/025shvl"	"mercedes-benz w111"	Dieter Glemser
"/m/025smyp"	"golfer"	Bobby Jones
"/m/025sn53"	"motorcycling"	Proficient Motorcycling
"/m/025sn8d"	"chelydridae"	Snapping Turtles
"/m/025srdc"	"panties"	Black Panties
"/m/025st_8"	"meadow"	Bluegrass
"/m/025sv9y"	"landscaping"	Genesis Landscaping
"/m/025swlx"	"bolognese"	Bolognese sauce
"/m/025sxc2"	"toyota ist"	Alvark Tokyo
"/m/025sylx"	"kayaking"	Kayaking
"/m/025syph"	"fighter pilot"	Fighter Pilot: Operation Red Flag
"/m/025sz6n"	"mitsubishi triton"	Mitsubishi Mizushima FC
"/m/025t05d"	"mazdaspeed3"	Mazdaspeed
"/m/025t0v3"	"amateur boxing"	Amateur Boxing Fight Club
"/m/025t3bg"	"air travel"	Universal Air Travel Plan
"/m/025t3jt"	"numeric keypad"	Numeric Keypad Combination Dskibm PS/2 3
"/m/025t6n0"	"video camera"	Red Digital Cinema Camera Company
"/m/025t7sq"	"tiki"	Tiki Barber
"/m/025t8y"	"rough-toothed dolphin"	Rough-toothed dolphin
"/m/025t_kv"	"pasteles"	Pasteles
"/m/025tcp1"	"russell terrier"	Jack Russell Terrier
"/m/025tg14"	"opel zafira"	Opel Zafira. Jetzt helfe ich mir selbst
"/m/025tjcb"	"secondary school"	Gymnasium
"/m/025tjmx"	"japanese martial arts"	Katsuyuki Kondo
"/m/025tn5c"	"terrain"	Jungle
"/m/025tnyc"	"lumber"	84 Lumber
"/m/025tqsx"	"cherry pie"	Cherry pie
"/m/025tr5z"	"acoustic-electric guitar"	Acoustic and Electric Guitar Repair Handbook
"/m/025tvs"	"bentley arnage"	Bentley
"/m/025txf1"	"caterham 7"	Caterham Cars
"/m/025w8w"	"ground beetle"	Ground beetle
"/m/025wph"	"honda fit"	Honda Marine Group
"/m/025xpnk"	"khinkali"	Khinkali
"/m/025xryy"	"sportswear"	Columbia Sportswear
"/m/025y51l"	"uaz-469"	UAZ
"/m/025yy51"	"foxtail lily"	Foxtail Lily
"/m/025z29"	"salmonberry"	Salmonberry
"/m/025z_8"	"cadillac eldorado"	Cadillac Eldorado
"/m/025znc"	"flip-flops"	Flip Flops
"/m/025zp2s"	"eye shadow"	Eye Shadow
"/m/025zqz"	"cog"	Cog
"/m/025zvj"	"cimbalom"	Cimbalom
"/m/025zzv"	"cadillac escalade"	Pink Cadillac Escalade..."
"/m/026071"	"pu-erh tea"	Pu-erh tea
"/m/0260d_1"	"playground slide"	Child on Playground Slide
"/m/0260jj"	"air hockey"	Air Hockey
"/m/0260w0b"	"fiat 8v"	Luigi Rapi
"/m/02610_"	"nopal"	Nopal
"/m/02614k2"	"amilcar cgss"	Amilcar
"/m/02614tq"	"maserati indy"	Maserati
"/m/0261m"	"caribbean"	Caribbean
"/m/0262mx0"	"banana leaf"	Banana leaf rice
"/m/0262qsm"	"rosa pimpinellifolia"	Rosa pimpinellifolia
"/m/0262vk"	"edelweiss"	Edelweiss
"/m/02635ct"	"gig bag"	The Gig Bag
"/m/0263_br"	"bigoli"	Bigoli
"/m/0263lr1"	"crop"	Rice
"/m/0263mjj"	"toyota auris"	Alvark Tokyo
"/m/0263qm"	"headlamp"	Headlamp
"/m/0263wct"	"jeep dj"	Jeep
"/m/0264vx0"	"sukhoi su-30mkk"	Sukhoi Su-30MKK
"/m/026543h"	"street organ"	Melody for a Street Organ
"/m/026545k"	"elk"	Elk
"/m/02659jq"	"traditional japanese musical instruments"	Tokyo Idol Festival
"/m/0265t9v"	"neo-burlesque"	Neo Burlesque
"/m/0266180"	"self-portrait"	Self-Portrait
"/m/0266h"	"corona"	Corona
"/m/0266hh5"	"target archery"	A history of target archery
"/m/0266qrc"	"acridotheres"	Acridotheres
"/m/0266rh"	"monk"	Monk
"/m/0266skk"	"tilapia"	Tilapia
"/m/0266vgv"	"nissan rogue"	Ghandhara Nissan
"/m/02671nl"	"pan de muerto"	Pan de muerto
"/m/0267c6g"	"caponata"	Caponata
"/m/0267lq"	"leaf beetle"	Leaf beetle
"/m/0267y"	"common chimpanzee"	Common chimpanzee
"/m/0267z56"	"vietnamese coriander"	Vietnamese coriander
"/m/0268lbt"	"hiking equipment"	Camping &amp; Hiking Equipment in Taiwan
"/m/0268svg"	"subaru stella"	Subaru of America
"/m/0268t21"	"car seat"	Car Seat Headrest
"/m/0269r2s"	"chain"	McDonald's
"/m/026_f7"	"bean bag"	BEAN BAG
"/m/026_pgm"	"leg extension"	Brad Gillingham
"/m/026b576"	"bazlama"	Bazlama
"/m/026b60n"	"colias"	Colias
"/m/026b67x"	"hang"	Hang Seng Bank
"/m/026bk"	"dance"	Dance India Dance
"/m/026blk"	"mclaren f1"	McLaren
"/m/026bm66"	"pull-up"	Pull-Up
"/m/026c0s8"	"fashion illustration"	Fashion Illustration Now
"/m/026c52y"	"yaki udon"	Yaki udon
"/m/026dd"	"dune"	Dune
"/m/026dhv0"	"bmw hydrogen 7"	Albert II, Prince of Monaco
"/m/026dmfk"	"rain gutter"	ABC Supply
"/m/026dvhh"	"deer hunting"	Buckmasters Deer Hunting
"/m/026g73"	"bongo drum"	Bongo Drum
"/m/026ggg2"	"buuz"	Buuz
"/m/026gr8"	"cob"	maize
"/m/026j3tg"	"karaage"	Karaage
"/m/026kds"	"wii"	Wii Sports
"/m/026l05b"	"bell 214"	Bell 214
"/m/026lzvd"	"lionfish"	Lionfish
"/m/026nr99"	"epiphyllum crenatum"	Epiphyllum crenatum
"/m/026p3yg"	"gyromitra"	Gyromitra
"/m/026p7j9"	"beach handball"	Croatia national beach handball team
"/m/026pbn9"	"epiphyllum oxypetalum"	Epiphyllum oxypetalum
"/m/026pc7x"	"torte"	Torte
"/m/026q93"	"foil"	Tin
"/m/026qbn5"	"studio couch"	
"/m/026qcqv"	"bombycidae"	Bombycidae
"/m/026qs53"	"college ice hockey"	Lebanon Valley College
"/m/026qz0j"	"polish hunting dog"	Polish Hunting Dog
"/m/026r9rb"	"austrian black and tan hound"	Austrian Black and Tan Hound
"/m/026rm0n"	"crescentia cujete"	Crescentia cujete
"/m/026rs28"	"rosa chinensis"	Rosa chinensis
"/m/026s3_5"	"pontiac g8"	Holden Special Vehicles
"/m/026s4x"	"grommet"	Grommet
"/m/026smn"	"airport terminal"	Logan International Airport
"/m/026spzd"	"tteokbokki"	Tteokbokki
"/m/026t6"	"drum"	Drums
"/m/026tnj5"	"rosa acicularis"	Rosa acicularis
"/m/026trmz"	"matra 530"	Matra
"/m/026tz2n"	"jaguar xf"	Jaguar Cars
"/m/026v2d7"	"native american indian dog"	Native American Indian Dog
"/m/026vz7"	"ski mountaineering"	2006 World Championship of Ski Mountaineering
"/m/026w19n"	"cruiser"	German cruiser Deutschland
"/m/026w47k"	"bmw x6"	BMW India
"/m/026wt50"	"nissan terrano ii"	Nissan Motor India Private Limited
"/m/026x4qc"	"morgan plus 8"	Morgan Motor Company
"/m/026x72q"	"audi a1"	Audi
"/m/026xlyl"	"rotini"	Rotini
"/m/026xyy"	"hen-of-the-wood"	Hen-of-the-wood
"/m/026y54h"	"alfa romeo giulietta"	Alfa Corse
"/m/026ym7"	"salsa sauce"	Salsa
"/m/026ypmw"	"nissan livina geniss"	Nissan Motor Indonesia
"/m/026yps0"	"east-european shepherd"	East-European Shepherd
"/m/026yq0z"	"demonstration"	United States Air Force Thunderbirds
"/m/026z257"	"pezizales"	Pezizales
"/m/026z9"	"disco"	Panic! at the Disco
"/m/026zc1n"	"caterham 7 csr"	MK Sportscars
"/m/026zqvy"	"ford ba falcon"	2005 V8 Supercar season
"/m/026zs_"	"workshop"	Games Workshop
"/m/026ztd"	"lcd projector"	EIKI
"/m/0270h"	"dessert"	Dessert
"/m/0271kpq"	"spanish water dog"	Spanish Water Dog
"/m/0271qf7"	"wine rack"	First Quench Retailing
"/m/0271t"	"drink"	Soft drink
"/m/0271vjb"	"caffã¨ americano"	
"/m/02729"	"dill"	dill
"/m/0272thc"	"motor glider"	Scheibe Falke
"/m/0272v9j"	"salamandra"	Salamandra
"/m/0272v_j"	"meat chop"	Meat chop
"/m/0272vv0"	"wartburg 353"	Wartburg
"/m/0272wmg"	"roast goose"	Roast goose
"/m/0273gv"	"carbonara"	Carbonara
"/m/0273qgx"	"matsusaka beef"	Matsusaka beef
"/m/0274dp"	"volkswagen phaeton"	Je Design
"/m/0274hz"	"citroã«n ax"	
"/m/02758s"	"lexus rx hybrid"	
"/m/02759h"	"citroã«n gs"	
"/m/0275dd"	"nissan navara"	Nissan New Zealand
"/m/0275lwb"	"military helicopter"	July 12, 2007 Baghdad airstrike
"/m/0275mp"	"ford five hundred"	Chicago Assembly
"/m/0275p1"	"pontiac g6"	Pratt &amp; Miller
"/m/0275x85"	"plug"	Luke Vibert
"/m/0276mmh"	"ford bf falcon"	2007 V8 Supercar season
"/m/0277g"	"dentistry"	VCU School of Dentistry
"/m/0277lbh"	"pã¢tisserie"	
"/m/0277rq"	"penny bun"	Boletus edulis
"/m/0277x1n"	"scion xd"	Scion
"/m/0278gd"	"pontiac solstice"	Franz von Holzhausen
"/m/0279ct"	"orb weaver spider"	Orb-weaver spider
"/m/0279jhw"	"chevrolet 210"	Chevrolet Sales India
"/m/027_d8m"	"types of trombone"	Big Band Bossa Nova
"/m/027_l3"	"common sage"	Common sage
"/m/027_ny3"	"still life photography"	Conceptual Still Life Photography
"/m/027b301"	"candle holder"	Candle-holder putti
"/m/027bmhm"	"sports bra"	Sports Bra
"/m/027c1x7"	"toyota ft-hs"	Alvark Tokyo
"/m/027c64x"	"beer cocktail"	Beer cocktail
"/m/027cfwk"	"stand up paddle surfing"	Stand Up Paddle Surfing: Vol. 2: Advanced Instruction
"/m/027cqyf"	"priesthood"	Church of England
"/m/027ct3y"	"cocktail garnish"	Tequila and tonic
"/m/027dtrb"	"swedish lapphund"	Swedish Lapphund
"/m/027dwg0"	"lobby"	Hobby Lobby
"/m/027f8z"	"bay laurel"	Bay Laurel
"/m/027fyxq"	"volkswagen type 14a"	Je Design
"/m/027g6wt"	"santa claus"	Santa Claus
"/m/027ggc"	"naan"	Naan
"/m/027ggs"	"roti"	Roti
"/m/027ggvx"	"streusel"	Streusel
"/m/027hkkw"	"affogato"	Affogato
"/m/027j7r_"	"dobos torte"	Dobos torte
"/m/027j84c"	"telecommunications engineering"	Sony Corporation
"/m/027jl3_"	"chevrolet volt"	Opel India
"/m/027k49j"	"bishop"	Billy Bishop
"/m/027k4k"	"athletic shoe"	New Balance
"/m/027k94"	"angora rabbit"	Angora rabbit
"/m/027khl8"	"flock"	A Flock Of Seagulls
"/m/027kkg3"	"ruffle"	Amy Ruffle
"/m/027kl1"	"ice cream cone"	Ice cream cone
"/m/027lt5"	"peony"	Peony
"/m/027n3_"	"eyebrow"	Dwayne Johnson
"/m/027n9h"	"bmx racing"	Bmx Racing and Freestyle (Extreme Sports
"/m/027nmtj"	"holden efijy"	Test Drive Unlimited
"/m/027nptg"	"poster session"	Michael D. Cohen
"/m/027pcv"	"zucchini"	Zucchini
"/m/027q1m"	"ghillie suit"	United States Army Sniper School
"/m/027qc63"	"tx4"	TX4
"/m/027qh7f"	"cold weapon"	Matthew Sanchez
"/m/027qjp"	"scilla"	Scilla
"/m/027qpg5"	"ford focus"	Ford Motor Company
"/m/027qtzz"	"thanksgiving"	Thanksgiving
"/m/027qw1p"	"feathered hair"	The House of the Devil
"/m/027r8l9"	"kia soul"	Kia Motors
"/m/027rb7"	"ford ka"	Ford Ka. Ab November 1996
"/m/027rch"	"laksa"	Laksa
"/m/027rgy"	"cockle"	Cockle
"/m/027rk7_"	"capellini"	Capellini
"/m/027rt1k"	"sea cave"	A Sea Cave Near Lisbon
"/m/027s69l"	"bedtime"	Bedtime Stories
"/m/027sy32"	"shishamo"	SHISHAMO
"/m/027t7q"	"mulch"	Mulch Diggums
"/m/027tktx"	"porsche 914-6 gt"	Porsche Engineering
"/m/027tn4"	"kit fox"	Kit fox
"/m/027txv9"	"sulfur cosmos"	Cosmos sulphureus
"/m/027v7wj"	"mountain guide"	Catskill Mountain Guide
"/m/027v9wk"	"elder"	Elderberry
"/m/027wmf"	"jiaozi"	Jiaozi
"/m/027wrc"	"skate shoe"	Osiris Shoes
"/m/027wz5"	"honda prelude"	Honda Prelude 1979-1989
"/m/027wzl"	"wheelchair tennis"	Australian Paralympic wheelchair tennis team
"/m/027x1r"	"thermae"	Thermae Romae
"/m/027x24c"	"barrel drum"	I Need Some Money
"/m/027x7n"	"physical fitness"	Hofstra Physical Fitness Center
"/m/027x8l3"	"breakfast sandwich"	Breakfast sandwich
"/m/027xg7c"	"gascon saintongeois"	Gascon Saintongeois
"/m/027xhm0"	"wood flooring"	Gigantium
"/m/027xxzv"	"namul"	Kongnamul
"/m/027xyl"	"baseball cap"	Reverence
"/m/027y004"	"sponge"	Sponge
"/m/027y18v"	"women's erotica"	Hot Women's Erotica
"/m/027y95"	"range stormer"	Gerry McGovern
"/m/027ylld"	"puma"	Puma SE
"/m/027z5xc"	"gull terr"	Gull Terr
"/m/027zm8"	"lemonade"	Lemonade
"/m/02805fj"	"calochortus nuttallii"	Calochortus nuttallii
"/m/0280dvc"	"centella"	Centella asiatica
"/m/0280dy3"	"overhead press"	Robert Oberst
"/m/0280nh"	"fell"	Fall of Constantinople
"/m/0280yrc"	"tuxedo"	Tuxedo Mask
"/m/0281_nk"	"alfa romeo 8c competizione"	Alfa Corse
"/m/02823g9"	"alfa romeo giulietta"	Alfa Corse
"/m/0282d_y"	"drever"	Drever
"/m/0282vfm"	"bargirl"	Bargirl
"/m/0283dt1"	"mouth"	2001 United Kingdom foot-and-mouth outbreak
"/m/0283szz"	"flxible new look bus"	Canadair
"/m/0284d"	"dairy product"	Dairy product
"/m/0284w"	"desert"	Gulf War
"/m/02850ws"	"bib"	Michelin Guide
"/m/0285q1n"	"sugar house"	Sugar House
"/m/0285t83"	"german spaniel"	German Spaniel
"/m/0285v"	"dollar"	Dollar General
"/m/02866k"	"antonov an-124 ruslan"	Antonov An-124 Ruslan
"/m/0286819"	"formosan mountain dog"	Formosan Mountain Dog
"/m/02880hp"	"toyota celica gt-four"	Toyota Motorsport GmbH
"/m/0289vbh"	"yatai"	Yatai
"/m/028c4_"	"hot rod"	Hot Rod
"/m/028c9c"	"taiyaki"	Taiyaki
"/m/028c_8"	"catcher"	The Catcher in the Rye
"/m/028cdk"	"toyota supra"	Toyota Supra automotive repair manual
"/m/028cj8"	"decapoda"	Decapoda
"/m/028f4"	"digitalis"	Digoxin
"/m/028hfb"	"patient"	The English Patient
"/m/028hh"	"disaster"	Chernobyl disaster
"/m/028j_4"	"currant"	Currant
"/m/028jh"	"dipsacales"	Dipsacales
"/m/028jm0"	"nintendo ds"	Final Fantasy IV
"/m/028k2f"	"elm family"	Ulmaceae
"/m/028lgz"	"brown rice"	Brown rice
"/m/028lhq"	"dormouse"	The Dormouse
"/m/028mq"	"drinking game"	Drinking Game
"/m/028mzr"	"hair coloring"	Milady's hair coloring techniques
"/m/028ph1"	"pierogi"	Pierogi
"/m/028qtn"	"douglas a-4 skyhawk"	Douglas A-4 Skyhawk
"/m/028r0c"	"herbalism"	Herbalism
"/m/028v_v"	"boeing e-4"	Boeing E-4
"/m/028vyk"	"common snapping turtle"	Common snapping turtle
"/m/028x2l"	"butomus"	Butomus
"/m/028y5g"	"saarloos wolfdog"	Saarloos wolfdog
"/m/028ygt"	"punch"	Punch
"/m/028ylt"	"mint julep"	Mint julep
"/m/0290t8"	"dog agility"	Excelling at Dog Agility: Book 3
"/m/02920x"	"seesaw"	Seesaw
"/m/0292vy"	"skimboarding"	Dash Point State Park
"/m/029470"	"vihuela"	Vihuela
"/m/0294jb"	"blond"	Blonde
"/m/0295w7"	"heliconia"	Heliconia
"/m/0295xg"	"peruvian lily"	Lily of the Incas
"/m/0296jp"	"caffã¨ macchiato"	
"/m/0297sy"	"ivy"	Ivy
"/m/0297yz"	"flyball"	Flyball
"/m/0298qf"	"air-raid shelter"	Newstead Air Raid Shelter
"/m/02999y"	"boeing 377"	Boeing 377 Stratocruiser
"/m/0299pv"	"conformation show"	Giralda Farms
"/m/029b3"	"dice"	EA DICE
"/m/029bcs"	"australian cattle dog"	Australian Cattle Dog
"/m/029d4"	"diode"	Suzanne Ciani
"/m/029djm"	"prunus spinosa"	Prunus spinosa
"/m/029g5"	"dominoes"	Billy Ward and his Dominoes
"/m/029g_9y"	"ice hockey position"	David Appel
"/m/029hkq"	"herding"	Herding dog
"/m/029m8"	"demon"	Etrigan the Demon
"/m/029r6z"	"casuariiformes"	Casuariiformes
"/m/029tx"	"dinosaur"	Dinosaur
"/m/029wg5"	"hypericum"	Hypericum
"/m/029wnx"	"daughter"	Daughter
"/m/029zz6"	"display device"	Vuzix
"/m/02_2f1"	"formula one car"	Formula One Car Racing
"/m/02_31"	"northrop f-5"	Northrop F-5
"/m/02_3v6"	"mufti"	Yemen
"/m/02_41"	"fire"	Great Fire of London
"/m/02_444"	"trampoline"	Springfree Trampoline
"/m/02_56m"	"curcuma"	Turmeric
"/m/02_58j"	"bedroom"	Bedroom in Arles
"/m/02_5_z"	"marksman"	The Marksman
"/m/02_5h"	"figure skating"	U.S. Figure Skating
"/m/02_5v2"	"quinceaã±era"	
"/m/02_73c"	"rat terrier"	Rat Terrier
"/m/02_8m1"	"haute couture"	Valentino SpA
"/m/02_fkk"	"mustang horse"	Mustang
"/m/02_ftz"	"banjo uke"	David Blink
"/m/02_g0"	"funeral"	Requiem
"/m/02_jdw"	"portuguese water dog"	Portuguese Water Dog
"/m/02_kt"	"ferrari s.p.a."	Ferrari
"/m/02_ktj"	"morning"	Venus
"/m/02_mqn"	"semi-submersible"	Narco-submarine
"/m/02_n6y"	"goggles"	Goggles!
"/m/02_q__"	"verbascum"	Mullein
"/m/02_skm"	"outhouse"	Outhouse
"/m/02_sx"	"floorball"	Finland men's national floorball team
"/m/02_vjy"	"wallet"	PNC Financial Services
"/m/02_vs6"	"arãªte"	
"/m/02_wsd"	"conifer cone"	Pinus parviflora
"/m/02_x63"	"wrinkle"	A Wrinkle in Time
"/m/02b7w4"	"dog sled"	Dog Sled Saga
"/m/02b9x"	"drag racing"	IHRA Drag Racing
"/m/02bb1s"	"sniper rifle"	The poor man's sniper rifle
"/m/02bbq"	"day"	Normandy landings
"/m/02bctl"	"scallion"	Scallion
"/m/02bfr7"	"snapper"	Snapper
"/m/02bk79"	"stenella"	Stenella
"/m/02bkg"	"diving"	Dytiscidae
"/m/02bl11"	"spaceplane"	Skylon
"/m/02bp0t"	"pekingese"	Pekingese
"/m/02bpwp"	"tagliatelle"	Tagliatelle
"/m/02bpy5"	"european fire salamander"	Fire salamander
"/m/02bq55"	"peugeot 504"	Repair guide: Peugeot 504
"/m/02bqry"	"spinner dolphin"	Spinner dolphin
"/m/02bqth"	"vault"	Imperial Crypt
"/m/02bvmx"	"douglas a-3 skywarrior"	Douglas A-3 Skywarrior
"/m/02bwcm"	"myrciaria dubia"	Camu camu
"/m/02bx9b"	"rattlesnake"	Rattlesnake
"/m/02bxd"	"didgeridoo"	GOMA
"/m/02c3nd"	"indoor soccer"	Indoor Soccer
"/m/02c4kg"	"net winged insects"	Neuroptera
"/m/02c66t"	"wedding dress"	Wedding dress of Lady Diana Spencer
"/m/02c7x1"	"douglas c-54 skymaster"	Douglas C-54 Skymaster
"/m/02cc0w"	"bricklayer"	Gerard Butler
"/m/02ccz7"	"tansy"	Tansy
"/m/02cgt"	"slalom skiing"	Monika Kaserer
"/m/02cgw4"	"angelica"	Norwegian angelica
"/m/02chd9"	"brush"	Nymphalidae
"/m/02cj3"	"dachshund"	Dachshund
"/m/02cm5m"	"fiddler crab"	Fiddler crab
"/m/02cn26"	"striped dolphin"	Striped dolphin
"/m/02cp5"	"dragon"	Dragon
"/m/02cpyp"	"verbena family"	Verbenaceae
"/m/02cqfm"	"close-up"	Close-Up
"/m/02crq1"	"couch"	Common couch
"/m/02cs5j"	"zongzi"	Zongzi
"/m/02csf"	"drawing"	Drawing Center
"/m/02ctm1"	"mercedes-benz e-class"	Mercedes-Benz
"/m/02cv5l"	"dumpling"	Jiaozi
"/m/02cvgx"	"winter melon"	Winter melon
"/m/02cvjv"	"aquifoliaceae"	Aquifoliaceae
"/m/02cwf_"	"shrine"	Shriners
"/m/02cwm"	"design"	Academy Award for Best Costume Design
"/m/02cxd4"	"sledding"	The Sledding Hill
"/m/02cxqb"	"syrniki"	Syrniki
"/m/02cxsh"	"varenyky"	Pierogi
"/m/02cyl6"	"maltese"	Malta
"/m/02czv8"	"birthday cake"	Birthday cake
"/m/02d28x"	"fritillaria meleagris"	Fritillaria meleagris
"/m/02d6m5"	"fox terrier"	Fox Terrier
"/m/02d81w"	"mandrill"	Mandrill
"/m/02d8_9"	"selenicereus grandiflorus"	Selenicereus grandiflorus
"/m/02d9p2"	"watercress"	Watercress
"/m/02d9qx"	"whiteboard"	The Whiteboard
"/m/02dc2w"	"whirlpool"	Whirlpool Corporation
"/m/02dcv"	"dhole"	Dhole
"/m/02ddy8"	"honda insight"	Honda Marine Group
"/m/02dgv"	"door"	Door County, Wisconsin
"/m/02dk44"	"harmonium"	Harmonium
"/m/02dkrm"	"resort"	The Venetian Las Vegas
"/m/02dl1y"	"hat"	Red Hat Software
"/m/02dlh2"	"conga"	Conga Room
"/m/02dmjh"	"garden cress"	Garden cress
"/m/02dmw4"	"scrambled eggs"	Scrambled eggs
"/m/02dmwz"	"soufflã©"	
"/m/02dmz4"	"egg yolk"	Yolk
"/m/02dpc4"	"almshouse"	Blockley Almshouse
"/m/02dr2w"	"primrose family"	Primulaceae
"/m/02dsz"	"disc jockey"	Jimmy Young
"/m/02dwgb"	"input device"	Input device 5678&gt;&gt;&gt; GoneRockShitHatch
"/m/02dx0"	"durian"	Durian
"/m/02dy7v"	"spring break"	Spring Break
"/m/02dyxy"	"mamba"	Mamba
"/m/02f1fz"	"west highland white terrier"	West Highland White Terrier
"/m/02f1qx"	"jalapeã±o"	
"/m/02f435"	"seat ibiza"	Je Design
"/m/02f63f"	"ramsons"	Ramsons
"/m/02f6d7"	"ford fiesta"	M-Sport
"/m/02f8fp"	"salak"	Salak
"/m/02f9f_"	"shower"	Golden shower tree
"/m/02f9pk"	"lemur"	Ring-tailed lemur
"/m/02fbcn"	"bartender"	Bartender
"/m/02fbqn"	"headpiece"	Headpiece
"/m/02fc7g"	"vaz-2107"	Salikh Kvaratskhelia
"/m/02fh1d"	"japanese macaque"	Japanese macaque
"/m/02fhdf"	"water sport"	Night Games: Water Sport / The Dominatrix's Waltz
"/m/02fj27"	"bob cut"	Bob Cut and a Lunchbox
"/m/02fj9"	"destroyer"	Douglas B-66 Destroyer
"/m/02fjhf"	"chicken nugget"	Chicken nugget
"/m/02fkwj"	"common myna"	Common myna
"/m/02flbl"	"bulgogi"	Bulgogi
"/m/02flvj"	"empetrum"	Empetrum nigrum
"/m/02fm9k"	"shore"	Jersey Shore
"/m/02fnxc"	"eggs benedict"	Eggs Benedict
"/m/02fp7r"	"fiddlehead fern"	Fiddlehead fern
"/m/02fpjj"	"malagueta pepper"	Malagueta pepper
"/m/02fpy0"	"puppy love"	Puppy Love
"/m/02fq_6"	"fedora"	Fedora
"/m/02fsn"	"double bass"	The Double Bass
"/m/02ftcz"	"muskox"	Muskox
"/m/02fvjy"	"mashed potato"	Mashed potato
"/m/02fvym"	"goldendoodle"	Goldendoodle
"/m/02fw59"	"turkish coffee"	Turkish coffee
"/m/02fwqx"	"baseball umpire"	Minor League Baseball Umpire Training Academy
"/m/02fx5l"	"icebreaker"	Lenin
"/m/02fxgn"	"cockapoo"	Cockapoo
"/m/02fz11"	"gelato"	Gelato
"/m/02fzjg"	"artemisia"	Mugworts
"/m/02g0fy"	"fiat 500"	Fiat 500 owners workshop manual
"/m/02g0g"	"datura"	Jimsonweed
"/m/02g0gt"	"fiat 126"	Fiat 126 owners workshop manual
"/m/02g0kl"	"volkswagen lupo"	Je Design
"/m/02g1j4"	"junco"	Junco
"/m/02g1xf"	"anpan"	Anpan
"/m/02g2w1"	"american alligator"	American alligator
"/m/02g30s"	"guacamole"	Guacamole
"/m/02g387"	"egg"	Egg as food
"/m/02g3bz"	"quesadilla"	Quesadilla
"/m/02g3g4"	"youtiao"	Youtiao
"/m/02g3h6"	"agent provocateur"	Agent Provocateur
"/m/02g3h_"	"congee"	Congee
"/m/02g597"	"chinese martial arts"	The Treasure Book of Chinese Martial Arts
"/m/02g7g2"	"asparagus"	Garden asparagus
"/m/02g901"	"razor"	Gillette
"/m/02gbqr"	"cowpea"	Cowpea
"/m/02gf0p"	"australian terrier"	Australian Terrier
"/m/02gjd7"	"churchill tank"	The Churchill Tank
"/m/02gjdn"	"sound design"	Todd Terry
"/m/02gjm1"	"rosa multiflora"	Rosa multiflora
"/m/02gk4z"	"commissar"	Commissar
"/m/02gkl_"	"mousepad"	Mousepad
"/m/02gks8"	"porsche carrera gt"	Wipac
"/m/02gmzj"	"acura tl"	Acura TL DVD-Audio Demonstration Disc
"/m/02gq5h"	"diving mask"	Double-Heart of Stacked Stones
"/m/02gq7v"	"diving equipment"	Mares
"/m/02gr4y"	"swing bridge"	Swing bridge
"/m/02gs3z"	"king penguin"	Penguin Books
"/m/02gss8"	"black belt"	Black Belt
"/m/02gw96"	"rigid-hulled inflatable boat"	Zodiac Nautic
"/m/02gw_5"	"beanie"	Beanie Sigel
"/m/02gx17"	"construction equipment"	Case Construction Equipment
"/m/02gxqz"	"hunting dog"	African wild dog
"/m/02gxt6"	"radio receiver"	Radio Receiver
"/m/02gy5l"	"pilates"	Pontius Pilate
"/m/02gydl"	"common bean"	Common Bean
"/m/02gzp"	"dagger"	Convair F-102 Delta Dagger
"/m/02h00q"	"jersey"	New Jersey
"/m/02h19r"	"scarf"	The Scarf
"/m/02h354"	"cessna o-1 bird dog"	Cessna O-1 Bird Dog
"/m/02h3rf"	"bell 212"	Bell 212
"/m/02h3sl"	"fairchild c-123 provider"	Fairchild C-123 Provider
"/m/02h411"	"white-headed capuchin"	White-headed capuchin
"/m/02h4bp"	"rose of sharon"	Common Hibiscus
"/m/02h5d"	"debit card"	Debit Card
"/m/02h661t"	"dentist"	The Dentist
"/m/02h664g"	"baseball player"	Major League Baseball
"/m/02h664x"	"basketball player"	Michael Jordan
"/m/02h66dr"	"saxophonist"	John Coltrane
"/m/02h66g5"	"military person"	Battle of Valverde
"/m/02h6dmm"	"bodybuilder"	Bodybuilder
"/m/02h6fbs"	"philosopher"	Aristotle
"/m/02h6nb"	"douglas dc-7"	Douglas DC-7
"/m/02h6ny1"	"manicurist"	Manicurist
"/m/02h6p1l"	"swimmer"	Sweden
"/m/02h6p92"	"dancer"	Dancer in the Dark
"/m/02h7lkt"	"fictional character"	Tarzan
"/m/02h90v"	"matsutake"	Matsutake
"/m/02h99d"	"bonnet"	Scotch bonnet
"/m/02h9bf"	"hood"	Robin Hood
"/m/02h9rm"	"muroidea"	Muroidea
"/m/02h_hw"	"phragmites"	Common reed
"/m/02h_mt"	"broth"	Broth
"/m/02hc33"	"mcdonnell douglas f-15e strike eagle"	McDonnell Douglas F-15E Strike Eagle
"/m/02hccx"	"butcher"	Terry Butcher
"/m/02hcw1"	"floristry"	Floristry
"/m/02hdxc"	"inlet"	SeaBus
"/m/02hgxf"	"jaguar e-type"	Jaguar Cars
"/m/02hhhb"	"drill"	Drill
"/m/02hj4"	"dolphin"	Dolphin
"/m/02hlch"	"cope"	Edward Drinker Cope
"/m/02hlnc"	"chocolate brownie"	Chocolate brownie
"/m/02hnl"	"drums"	Drums
"/m/02hnx9"	"woody plant"	The reference manual of woody plant propagation
"/m/02hqr87"	"fashion model"	Finland
"/m/02hr6d"	"mapo doufu"	Mapo doufu
"/m/02hr7g"	"seat leã³n"	
"/m/02hr9q"	"seat alhambra"	Je Design
"/m/02hrx1"	"inflatable boat"	Zodiac Aerospace
"/m/02ht342"	"automobile make"	
"/m/02hxzv"	"stable"	Stable fly
"/m/02hyt6"	"manager"	Cork GAA
"/m/02hz3p"	"chinese noodles"	Chinese noodles
"/m/02hz9m"	"mercedes-benz 600"	Mercedes-Benz
"/m/02j091"	"horse and buggy"	Horse and Buggy Ride
"/m/02j4ms"	"groupset"	Campag Velocet
"/m/02j71"	"earth"	Earth
"/m/02j_4"	"easter"	Easter Rising
"/m/02jb9f"	"terrace"	Terrace
"/m/02jcyv"	"jaguar s-type"	Jaguar S-Type and 420
"/m/02jd5z"	"wat"	Angkor Wat
"/m/02jf28"	"fair"	Century of Progress
"/m/02jfb3"	"panamax"	Panamax
"/m/02jfc"	"education"	English Language
"/m/02jfl0"	"sombrero"	Sombrero Galaxy
"/m/02jj3m"	"wolfdog"	Wolfdog
"/m/02jjt"	"entertainment"	WWE
"/m/02jknp"	"film director"	Bengali language
"/m/02jl78"	"ford transit"	Ford Transit
"/m/02jmwl"	"chinese hibiscus"	Shoeblackplant
"/m/02jnhm"	"tin can"	Tin Can Bay
"/m/02jp1h"	"marketplace"	Amazon.com
"/m/02jq33"	"cotton candy"	Cotton candy
"/m/02jq5x"	"video projector"	Barco
"/m/02jqh0"	"mercedes-benz cls-class"	The Porter
"/m/02jspn"	"moth orchid"	Moth orchids
"/m/02jt0t"	"little black dress"	Little Black Dress
"/m/02jvh9"	"mug"	Mugello Circuit
"/m/02jvjf"	"soda bread"	Soda bread
"/m/02jvms"	"empanada"	Empanada
"/m/02jwq3"	"punch"	Punch
"/m/02jwqh"	"vacation"	SM Town
"/m/02jwtj"	"fried rice"	Fried rice
"/m/02jxn5"	"car park"	Trinity Square, Gateshead
"/m/02jz0l"	"tap"	TAP Portugal
"/m/02jzr"	"easter egg"	Winter
"/m/02k5b8"	"rugby sevens"	Fiji national rugby sevens team
"/m/02k_k3t"	"ford"	Ford Motor Company
"/m/02kcj6"	"collie"	Collie
"/m/02kdmz"	"pitch"	Pitch
"/m/02kdv5l"	"action film"	Transformers
"/m/02kdvj"	"blackboard"	Blackboard
"/m/02kdwr"	"nazi concentration camps"	Auschwitz concentration camp
